-- --------------------------------------------------------
-- Host:                         127.0.0.1
-- Versión del servidor:         8.0.30 - MySQL Community Server - GPL
-- SO del servidor:              Win64
-- HeidiSQL Versión:             12.1.0.6537
-- --------------------------------------------------------

/*!40101 SET @OLD_CHARACTER_SET_CLIENT=@@CHARACTER_SET_CLIENT */;
/*!40101 SET NAMES utf8 */;
/*!50503 SET NAMES utf8mb4 */;
/*!40103 SET @OLD_TIME_ZONE=@@TIME_ZONE */;
/*!40103 SET TIME_ZONE='+00:00' */;
/*!40014 SET @OLD_FOREIGN_KEY_CHECKS=@@FOREIGN_KEY_CHECKS, FOREIGN_KEY_CHECKS=0 */;
/*!40101 SET @OLD_SQL_MODE=@@SQL_MODE, SQL_MODE='NO_AUTO_VALUE_ON_ZERO' */;
/*!40111 SET @OLD_SQL_NOTES=@@SQL_NOTES, SQL_NOTES=0 */;


-- Volcando estructura de base de datos para gmedic
CREATE DATABASE IF NOT EXISTS `gmedic` /*!40100 DEFAULT CHARACTER SET utf8mb4 COLLATE utf8mb4_0900_ai_ci */ /*!80016 DEFAULT ENCRYPTION='N' */;
USE `gmedic`;

-- Volcando estructura para tabla gmedic.caja
CREATE TABLE IF NOT EXISTS `caja` (
  `id` int NOT NULL AUTO_INCREMENT,
  `fecha_apertura` datetime NOT NULL,
  `fecha_cierre` datetime DEFAULT NULL,
  `monto_apertura` decimal(10,2) NOT NULL,
  `monto_cierre` decimal(10,2) DEFAULT NULL,
  `estado` int NOT NULL,
  PRIMARY KEY (`id`)
) ENGINE=InnoDB AUTO_INCREMENT=5 DEFAULT CHARSET=utf8mb4 COLLATE=utf8mb4_0900_ai_ci;

-- Volcando datos para la tabla gmedic.caja: ~4 rows (aproximadamente)
INSERT INTO `caja` (`id`, `fecha_apertura`, `fecha_cierre`, `monto_apertura`, `monto_cierre`, `estado`) VALUES
	(1, '2024-06-03 03:09:34', '2024-06-03 20:27:24', 5.00, 11.00, 2),
	(2, '2024-06-03 03:34:12', '2024-06-03 20:27:27', 1.00, 1.00, 2),
	(3, '2024-06-03 03:36:14', '2024-06-03 03:38:14', 1.00, 85.00, 2),
	(4, '2024-06-03 03:39:16', '2024-06-03 16:12:09', 1000.00, 1066.00, 2);

-- Volcando estructura para tabla gmedic.comprobantes_venta
CREATE TABLE IF NOT EXISTS `comprobantes_venta` (
  `id_comprobante_venta` int NOT NULL AUTO_INCREMENT,
  `tipo_comprobante` varchar(100) DEFAULT NULL,
  `serie` varchar(10) DEFAULT NULL,
  `numero` int DEFAULT NULL,
  `ndocumento` int DEFAULT NULL,
  `cliente` varchar(100) DEFAULT NULL,
  `fecha_creacion` timestamp NULL DEFAULT NULL,
  `tipo_pago` int DEFAULT NULL,
  `total_vendido` double DEFAULT NULL,
  `vendedor` int DEFAULT NULL,
  `id_caja` int DEFAULT NULL,
  PRIMARY KEY (`id_comprobante_venta`)
) ENGINE=MyISAM AUTO_INCREMENT=13 DEFAULT CHARSET=utf8mb3;

-- Volcando datos para la tabla gmedic.comprobantes_venta: 6 rows
/*!40000 ALTER TABLE `comprobantes_venta` DISABLE KEYS */;
INSERT INTO `comprobantes_venta` (`id_comprobante_venta`, `tipo_comprobante`, `serie`, `numero`, `ndocumento`, `cliente`, `fecha_creacion`, `tipo_pago`, `total_vendido`, `vendedor`, `id_caja`) VALUES
	(7, '6', 'NV001', 2, 0, 'Clientes Varios', '2024-05-28 00:00:59', 1, 3.5, 13, 8),
	(8, '6', 'NV001', 3, 0, 'Clientes Varios', '2024-05-28 00:28:50', 2, 15, 13, 1),
	(9, '6', 'NV001', 4, 0, 'Clientes Varios', '2024-06-03 03:18:57', 1, 6, 13, 1),
	(10, '6', 'NV001', 5, 0, 'Clientes Varios', '2024-06-03 03:37:39', 1, 18, 13, 2),
	(11, '6', 'NV001', 6, 0, 'Clientes Varios', '2024-06-03 03:37:58', 1, 66, 13, 3),
	(12, '6', 'NV001', 7, 0, 'Clientes Varios', '2024-06-03 03:39:27', 1, 66, 13, 4);
/*!40000 ALTER TABLE `comprobantes_venta` ENABLE KEYS */;

-- Volcando estructura para tabla gmedic.contadorfacturacion
CREATE TABLE IF NOT EXISTS `contadorfacturacion` (
  `IdContadorFacturacion` int NOT NULL AUTO_INCREMENT,
  `IdDocumento` int DEFAULT NULL,
  `Serie` varchar(8) DEFAULT NULL,
  `Numero` varchar(16) DEFAULT NULL,
  `Inicial` int DEFAULT NULL,
  `Final` int DEFAULT NULL,
  `Actual` int DEFAULT NULL,
  `Posiciones` int DEFAULT NULL,
  `IdEmpresa` int DEFAULT NULL,
  `IdSede` int DEFAULT NULL,
  `Estado` int DEFAULT NULL,
  PRIMARY KEY (`IdContadorFacturacion`)
) ENGINE=MyISAM AUTO_INCREMENT=12 DEFAULT CHARSET=utf8mb3;

-- Volcando datos para la tabla gmedic.contadorfacturacion: 7 rows
/*!40000 ALTER TABLE `contadorfacturacion` DISABLE KEYS */;
INSERT INTO `contadorfacturacion` (`IdContadorFacturacion`, `IdDocumento`, `Serie`, `Numero`, `Inicial`, `Final`, `Actual`, `Posiciones`, `IdEmpresa`, `IdSede`, `Estado`) VALUES
	(1, 1, 'B001', NULL, 1, 99999999, 35, 8, 1, 1, 1),
	(2, 2, 'F001', NULL, 1, 99999999, 19, 8, 1, 1, 1),
	(3, 3, 'T001', NULL, 1, 99999999, 20, 8, 1, 1, 1),
	(4, 1, 'B002', NULL, 1, 99999999, 0, 8, 1, 1, 1),
	(5, 2, 'F002', NULL, 1, 99999999, 0, 8, 1, 1, 1),
	(6, 3, 'T002', NULL, 1, 99999999, 50, 8, 1, 1, 1),
	(11, 6, 'NV001', NULL, 1, 99999999, 7, 8, 1, 1, 1);
/*!40000 ALTER TABLE `contadorfacturacion` ENABLE KEYS */;

-- Volcando estructura para tabla gmedic.detalle_comprobante_ventas
CREATE TABLE IF NOT EXISTS `detalle_comprobante_ventas` (
  `id_detalle_venta` int NOT NULL AUTO_INCREMENT,
  `id_comprobante_venta` int DEFAULT NULL,
  `id_producto` int DEFAULT NULL,
  `cantidad` int DEFAULT NULL,
  `precio_venta` double DEFAULT NULL,
  `total` double DEFAULT NULL,
  PRIMARY KEY (`id_detalle_venta`)
) ENGINE=MyISAM AUTO_INCREMENT=16 DEFAULT CHARSET=utf8mb3;

-- Volcando datos para la tabla gmedic.detalle_comprobante_ventas: 7 rows
/*!40000 ALTER TABLE `detalle_comprobante_ventas` DISABLE KEYS */;
INSERT INTO `detalle_comprobante_ventas` (`id_detalle_venta`, `id_comprobante_venta`, `id_producto`, `cantidad`, `precio_venta`, `total`) VALUES
	(9, 7, 100001402, 1, 3.5, 3.5),
	(10, 8, 100000983, 1, 15, 15),
	(11, 9, 100000044, 1, 6, 6),
	(12, 10, 100000045, 3, 6, 18),
	(13, 11, 100000043, 10, 6, 60),
	(14, 11, 100000070, 1, 6, 6),
	(15, 12, 100000042, 11, 6, 66);
/*!40000 ALTER TABLE `detalle_comprobante_ventas` ENABLE KEYS */;

-- Volcando estructura para tabla gmedic.modulos
CREATE TABLE IF NOT EXISTS `modulos` (
  `id_modulo` int NOT NULL AUTO_INCREMENT,
  `mod_descripcion` varchar(25) CHARACTER SET utf8mb3 COLLATE utf8mb3_spanish2_ci NOT NULL,
  `mod_url` varchar(100) CHARACTER SET utf8mb3 COLLATE utf8mb3_spanish2_ci NOT NULL,
  `mod_img` varchar(100) CHARACTER SET utf8mb3 COLLATE utf8mb3_spanish2_ci NOT NULL,
  `mod_estado` varchar(100) CHARACTER SET utf8mb3 COLLATE utf8mb3_spanish2_ci NOT NULL,
  `mod_ac_directo` varchar(100) CHARACTER SET utf8mb3 COLLATE utf8mb3_spanish2_ci DEFAULT NULL,
  `ordenM` int DEFAULT NULL,
  PRIMARY KEY (`id_modulo`)
) ENGINE=MyISAM AUTO_INCREMENT=7 DEFAULT CHARSET=utf8mb3;

-- Volcando datos para la tabla gmedic.modulos: 6 rows
/*!40000 ALTER TABLE `modulos` DISABLE KEYS */;
INSERT INTO `modulos` (`id_modulo`, `mod_descripcion`, `mod_url`, `mod_img`, `mod_estado`, `mod_ac_directo`, `ordenM`) VALUES
	(3, 'VENTAS', '#', 'fa fa-money', '1', '1', 3),
	(2, 'COMPRAS', '#', 'fa fa-cogs  fa-lg', '1', '0', 2),
	(1, 'ADMINISTRACION', '#', 'fa fa-calendar', '1', '1', 1),
	(4, 'INVENTARIO', '#', 'fa fa-shopping-cart', '1', '1', NULL),
	(5, 'CONSULTA EXTERNA', '#', 'fa fa-stethoscope  fa-lg', '1', '1', NULL),
	(6, 'CAJA', '#', 'fa fa-cash-register', '1', '1', 1);
/*!40000 ALTER TABLE `modulos` ENABLE KEYS */;

-- Volcando estructura para tabla gmedic.modulos_opciones
CREATE TABLE IF NOT EXISTS `modulos_opciones` (
  `id_modulo_opcion` int NOT NULL AUTO_INCREMENT,
  `id_modulo` int NOT NULL,
  `smo_descripcion` varchar(50) CHARACTER SET utf8mb3 COLLATE utf8mb3_spanish2_ci NOT NULL,
  `smo_url` varchar(500) CHARACTER SET utf8mb3 COLLATE utf8mb3_spanish2_ci NOT NULL,
  `smo_estado` int NOT NULL,
  `smo_img` varchar(100) CHARACTER SET utf8mb3 COLLATE utf8mb3_spanish2_ci DEFAULT NULL,
  `ordenMO` int DEFAULT NULL,
  PRIMARY KEY (`id_modulo_opcion`)
) ENGINE=InnoDB AUTO_INCREMENT=10 DEFAULT CHARSET=utf8mb3;

-- Volcando datos para la tabla gmedic.modulos_opciones: ~9 rows (aproximadamente)
INSERT INTO `modulos_opciones` (`id_modulo_opcion`, `id_modulo`, `smo_descripcion`, `smo_url`, `smo_estado`, `smo_img`, `ordenMO`) VALUES
	(1, 1, 'USUARIOS', 'configuracion/lista.php', 1, NULL, 1),
	(2, 4, 'PRODUCTOS', 'productos/lista.php', 1, NULL, 2),
	(3, 3, 'EMITIR NOTA VENTA', 'comprobantes/nota_venta.php', 1, NULL, 1),
	(4, 3, 'LISTA COMPROBANTES', 'comprobantes/lista.php', 1, NULL, 1),
	(5, 3, 'CAJA CHICA', 'caja/listado_cajas_chicas.php', 1, NULL, 2),
	(6, 6, 'INGRESOS/EGRESOS', 'caja/ingresos_egresos', 1, NULL, 2),
	(7, 2, 'TIPOS DE USUARIO', '../../sistema/_usuarios/registro_tipo_usuario.php?mod=2', 1, NULL, NULL),
	(8, 3, 'MODULOS', '../../sistema/_usuarios/registro_modulo.php?mod=2', 1, NULL, NULL),
	(9, 3, 'EMITA NOTAS VENTA NUEVAS', 'comprobantes/nota_venta_nuevo.php', 1, NULL, 3);

-- Volcando estructura para tabla gmedic.productos
CREATE TABLE IF NOT EXISTS `productos` (
  `id_producto` int NOT NULL AUTO_INCREMENT,
  `descripcion` varchar(255) DEFAULT NULL,
  `stock` int DEFAULT NULL,
  `stock_min` int DEFAULT NULL,
  `unidad_medida` varchar(50) DEFAULT NULL,
  `precio_compra` decimal(10,2) DEFAULT NULL,
  `precio_venta` decimal(10,2) DEFAULT NULL,
  `precio_venta_minimo` decimal(10,2) DEFAULT NULL,
  `fecha_vencimiento` date DEFAULT NULL,
  `almacen` int DEFAULT NULL,
  PRIMARY KEY (`id_producto`)
) ENGINE=MyISAM AUTO_INCREMENT=100001447 DEFAULT CHARSET=utf8mb3;

-- Volcando datos para la tabla gmedic.productos: 1.396 rows
/*!40000 ALTER TABLE `productos` DISABLE KEYS */;
INSERT INTO `productos` (`id_producto`, `descripcion`, `stock`, `stock_min`, `unidad_medida`, `precio_compra`, `precio_venta`, `precio_venta_minimo`, `fecha_vencimiento`, `almacen`) VALUES
	(100000045, 'BROCHETA GRANDE/ TOY STORY', 1, 1, 'UNIDAD', 4.00, 6.00, 6.00, '2024-04-04', 1),
	(100000044, 'BROCHETA GRANDE/ ELEFANTE CELESTE', 6, 1, 'UNIDAD', 4.00, 6.00, 6.00, '2024-04-04', 1),
	(100000043, 'BROCHETA GRANDE/ OSITO', -4, 1, 'UNIDAD', 4.00, 6.00, 6.00, '2024-04-04', 1),
	(100000042, 'BROCHETA GRANDE/ NUMERO GRANDE', -2, 1, 'UNIDAD', 4.00, 6.00, 6.00, '2024-04-04', 1),
	(100000041, 'BROCHETA GRANDE/ REY', 3, 1, 'UNIDAD', 4.00, 6.00, 6.00, '2024-04-04', 1),
	(100000040, 'BROCHETA GRANDE BEBE SAFARI', 1, 5, 'UNIDAD', 4.00, 6.00, 6.00, '2024-04-04', 1),
	(100000046, 'BROCHETA GRANDE/  MIKECRAF', 2, 1, 'UNIDAD', 4.00, 6.00, 6.00, '2024-04-04', 1),
	(100000047, 'BROCHETA GRANDE /PATROL', 6, 1, 'UNIDAD', 4.00, 6.00, 0.00, '2024-04-04', 1),
	(100000048, 'BROCHETA GRANDE /SONICK', 5, 1, 'UNIDAD', 4.00, 6.00, 0.00, '2024-04-04', 1),
	(100000049, 'BROCHETA GRANDE POCOYO ', 6, 1, 'UNIDAD', 4.00, 6.00, 0.00, '2024-04-04', 1),
	(100000050, 'BROCHETA GRANDE BABY SHARK', 5, 1, 'UNIDAD', 4.00, 6.00, 0.00, '2024-04-04', 1),
	(100000052, 'BROCHETA  GRANDE  MINECRAF ', 4, 1, 'UNIDAD', 4.00, 6.00, 6.00, '2024-04-05', 1),
	(100000053, 'BROCHETA GRANDE MARIO BROS', 7, 1, 'UNIDAD', 4.00, 6.00, 6.00, '2024-04-05', 1),
	(100000054, 'BROCHETA GRANDE NARUTO', 5, 1, 'UNIDAD', 4.00, 6.00, 6.00, '2024-04-05', 1),
	(100000055, 'BROCHETA GRANDE VENGADORES', 2, 1, 'UNIDAD', 4.00, 6.00, 6.00, '2024-04-05', 1),
	(100000056, 'BROCHETA GRANDE ZOMBIES', 4, 1, 'UNIDAD', 4.00, 6.00, 6.00, '2024-04-05', 1),
	(100000057, 'BROCHETA GRANDE ZENON', 8, 1, 'UNIDAD', 4.00, 6.00, 6.00, '2024-04-05', 1),
	(100000058, 'BROCHETA GRANDE ARA&Ntilde;A', 2, 1, 'UNIDAD', 4.00, 6.00, 6.00, '2024-04-05', 1),
	(100000059, 'BROCHETA GRANDE BOB ESPONJA', 6, 1, 'UNIDAD', 4.00, 6.00, 6.00, '2024-04-05', 1),
	(100000060, 'BROCHETA GRANDE CARS', 5, 1, 'UNIDAD', 4.00, 6.00, 6.00, '2024-04-05', 1),
	(100000061, 'BROCHETA GRANDE HOT WHELLS', 4, 1, 'UNIDAD', 4.00, 6.00, 6.00, '2024-04-05', 1),
	(100000062, 'BROCHETA GRANDE FUTBOL VERDE', 1, 1, 'UNIDAD', 4.00, 6.00, 6.00, '2024-04-05', 1),
	(100000063, 'BROCHETA GRANDE PELOTA NEGRA', 1, 1, 'UNIDAD', 4.00, 6.00, 6.00, '2024-04-05', 1),
	(100000064, 'BROCHETA GRANDE ALIANZA', 4, 1, 'UNIDAD', 4.00, 6.00, 6.00, '2024-04-05', 1),
	(100000065, 'BROCHETA GRANDE FREE FIRE', 9, 1, 'UNIDAD', 4.00, 6.00, 6.00, '2024-04-05', 1),
	(100000066, 'BROCHETA GRANDE  GOKU', 3, 0, 'UNIDAD', 4.00, 6.00, 6.00, '2024-04-05', 1),
	(100000067, 'BROCHETA GRANDE  OSITA', 6, 0, 'UNIDAD', 4.00, 6.00, 6.00, '2024-04-05', 1),
	(100000068, 'BROCHETA GRANDE  ELEFANTE ROSA', 5, 1, 'UNIDAD', 4.00, 6.00, 6.00, '2024-04-05', 1),
	(100000069, 'BROCHETA GRANDE  NUBE DE AMOR', 2, 1, 'UNIDAD', 4.00, 6.00, 6.00, '2024-04-05', 1),
	(100000070, 'BROCHETA GRANDE  POPIT', 3, 1, 'UNIDAD', 4.00, 6.00, 6.00, '2024-04-05', 1),
	(100000071, 'BROCHETA GRANDE  UNICORNIO', 3, 1, 'UNIDAD', 4.00, 6.00, 6.00, '2024-04-05', 1),
	(100000072, 'BROCHETA GRANDE COLA SIRENA', 10, 1, 'UNIDAD', 4.00, 6.00, 6.00, '2024-04-05', 1),
	(100000073, 'BROCHETA GRANDE VACA LOLA', 1, 1, 'UNIDAD', 4.00, 6.00, 6.00, '2024-04-05', 1),
	(100000074, 'BROCHETA GRANDE PEPPA PIG', 5, 1, 'UNIDAD', 4.00, 6.00, 6.00, '2024-04-05', 1),
	(100000075, 'BROCHETA GRANDE MASHA ', 2, 1, 'UNIDAD', 4.00, 6.00, 6.00, '2024-04-05', 1),
	(100000076, 'BROCHETA GRANDE BARBIE', 5, 1, 'UNIDAD', 4.00, 6.00, 6.00, '2024-04-05', 1),
	(100000077, 'BROCHETA GRANDE  DINOSURIO', 2, 1, 'UNIDAD', 4.00, 6.00, 6.00, '2024-04-05', 1),
	(100000078, 'BROCHETA GRANDE  MINI ROJA', 3, 1, 'UNIDAD', 4.00, 6.00, 6.00, '2024-04-05', 1),
	(100000079, 'BROCHETA GRANDE  BEBE LLORONES', 3, 1, 'UNIDAD', 4.00, 6.00, 6.00, '2024-04-05', 1),
	(100000080, 'BROCHETA GRANDE  LOL', 4, 1, 'UNIDAD', 4.00, 6.00, 6.00, '2024-04-05', 1),
	(100000081, 'BROCHETA GRANDE  PRINCESAS', 2, 1, 'UNIDAD', 4.00, 6.00, 6.00, '2024-04-05', 1),
	(100000082, 'BROCHETA GRANDE  FROZEN', 5, 1, 'UNIDAD', 4.00, 6.00, 6.00, '2024-04-05', 1),
	(100000083, 'BROCHETA GRANDE  ENCANTO', 5, 1, 'UNIDAD', 4.00, 6.00, 6.00, '2024-04-05', 1),
	(100000084, 'BROCHETA GRANDE  SIRENA', 3, 1, 'UNIDAD', 4.00, 6.00, 6.00, '2024-04-05', 1),
	(100000085, 'BROCHETA GRANDE  LADY BOG', 3, 1, 'UNIDAD', 4.00, 6.00, 6.00, '2024-04-05', 1),
	(100000086, 'BROCHETA GRANDE  PEACH', 4, 1, 'UNIDAD', 4.00, 6.00, 6.00, '2024-04-05', 1),
	(100000087, 'BROCHETA GRANDE  SKAY', 4, 1, 'UNIDAD', 4.00, 6.00, 6.00, '2024-04-05', 1),
	(100000088, 'BROCHETA GRANDE  TIK TOK', 3, 1, 'UNIDAD', 4.00, 6.00, 6.00, '2024-04-05', 1),
	(100000089, 'BROCHETA GRANDE  MINI GOLD', 2, 1, 'UNIDAD', 4.00, 6.00, 6.00, '2024-04-05', 1),
	(100000090, 'BROCHETA GRANDE  ISABELA', 2, 1, 'UNIDAD', 4.00, 6.00, 6.00, '2024-04-05', 1),
	(100000091, 'BROCHETA GRANDE ROBLOX NI&Ntilde;A', 4, 1, 'UNIDAD', 4.00, 6.00, 6.00, '2024-04-05', 1),
	(100000092, 'BROCHETA GRANDE MINI ROSA', 5, 1, 'UNIDAD', 4.00, 6.00, 6.00, '2024-04-05', 1),
	(100000093, 'BROCHETA GRANDE HELLO KITY', 6, 1, 'UNIDAD', 4.00, 6.00, 6.00, '2024-04-05', 1),
	(100000094, 'BROCHETA GRANDE SOFIA', 4, 1, 'UNIDAD', 4.00, 6.00, 6.00, '2024-04-05', 1),
	(100000095, 'BROCHETA GRANDE U', 3, 1, 'UNIDAD', 4.00, 6.00, 6.00, '2024-04-05', 1),
	(100000096, 'BROCHETA CHICA BAUTIZO NI&Ntilde;O', 6, 1, 'UNIDAD', 3.00, 5.00, 5.00, '2024-04-05', 1),
	(100000097, 'BROCHETA CHICA BAUTIZO NI&Ntilde;A', 10, 1, 'UNIDAD', 3.00, 5.00, 5.00, '2024-04-05', 1),
	(100000098, 'BROCHETA CHICA ELEFANTE CELESTE', 5, 1, 'UNIDAD', 3.00, 5.00, 5.00, '2024-04-05', 1),
	(100000099, 'BROCHETA CHICA REY', 5, 1, 'UNIDAD', 3.00, 5.00, 5.00, '2024-04-05', 1),
	(100000100, 'BROCHETA CHICA TOY STORY', 7, 1, 'UNIDAD', 3.00, 5.00, 5.00, '2024-04-05', 1),
	(100000101, 'BROCHETA CHICA  MIKECRAF', 4, 1, 'UNIDAD', 3.00, 5.00, 5.00, '2024-04-05', 1),
	(100000102, 'BROCHETA CHICA  PATROL', 1, 1, 'UNIDAD', 3.00, 5.00, 5.00, '2024-04-05', 1),
	(100000103, 'BROCHETA CHICA  POCOYO', 5, 1, 'UNIDAD', 3.00, 5.00, 5.00, '2024-04-05', 1),
	(100000104, 'BROCHETA CHICA  MINECRAF', 4, 1, 'UNIDAD', 3.00, 5.00, 5.00, '2024-04-05', 1),
	(100000108, 'BROCHETA CHICA ZOMBIE', 5, 1, 'UNIDAD', 3.00, 5.00, 5.00, '2024-04-05', 1),
	(100000107, 'BROCHETA CHICA ARA&Ntilde;A', 5, 1, 'UNIDAD', 3.00, 5.00, 5.00, '2024-04-05', 1),
	(100000109, 'BROCHETA CHICA MARIO BROS', 4, 1, 'UNIDAD', 3.00, 5.00, 5.00, '2024-04-05', 1),
	(100000110, 'BROCHETA CHICA FREDDY', 6, 1, 'UNIDAD', 3.00, 5.00, 5.00, '2024-04-05', 1),
	(100000111, 'BROCHETA CHICA BOB ESPONJA', 10, 1, 'UNIDAD', 3.00, 5.00, 5.00, '2024-04-05', 1),
	(100000112, 'BROCHETA CHICA CARS', 4, 1, 'UNIDAD', 3.00, 5.00, 5.00, '2024-04-05', 1),
	(100000113, 'BROCHETA CHICA HOT WHELLS', 4, 1, 'UNIDAD', 3.00, 5.00, 5.00, '2024-04-05', 1),
	(100000114, 'BROCHETA CHICA PIJAMAS', 2, 1, 'UNIDAD', 3.00, 5.00, 5.00, '2024-04-05', 1),
	(100000115, 'BROCHETA CHICA ZENON', 9, 1, 'UNIDAD', 3.00, 5.00, 5.00, '2024-04-05', 1),
	(100000116, 'BROCHETA CHICA ALIANZA LIMA', 3, 1, 'UNIDAD', 3.00, 5.00, 5.00, '2024-04-05', 1),
	(100000117, 'BROCHETA CHICA PELOTA VERDE', 5, 1, 'UNIDAD', 3.00, 5.00, 5.00, '2024-04-05', 1),
	(100000118, 'BROCHETA CHICA FREE  FIRE', 3, 1, 'UNIDAD', 3.00, 5.00, 5.00, '2024-04-05', 1),
	(100000119, 'BROCHETA CHICA ARA&Ntilde;A SPIDY', 8, 1, 'UNIDAD', 3.00, 5.00, 5.00, '2024-04-05', 1),
	(100000120, 'BROCHETA CHICA GOKU', 1, 1, 'UNIDAD', 3.00, 5.00, 5.00, '2024-04-05', 1),
	(100000121, 'BROCHETA CHICA DINOSAURIO', 7, 1, 'UNIDAD', 3.00, 5.00, 5.00, '2024-04-05', 1),
	(100000122, 'BROCHETA CHICA U', 2, 1, 'UNIDAD', 3.00, 5.00, 5.00, '2024-04-05', 1),
	(100000123, 'BROCHETA CHICA ELEFANTE ROSA', 3, 1, 'UNIDAD', 3.00, 5.00, 5.00, '2024-04-05', 1),
	(100000124, 'BROCHETA CHICA VACA LOLA', 4, 1, 'UNIDAD', 3.00, 5.00, 5.00, '2024-04-05', 1),
	(100000125, 'BROCHETA CHICA PEPPA PIG', 1, 1, 'UNIDAD', 3.00, 5.00, 5.00, '2024-04-05', 1),
	(100000126, 'BROCHETA CHICA KUROMI', 6, 1, 'UNIDAD', 3.00, 5.00, 5.00, '2024-04-05', 1),
	(100000127, 'BROCHETA CHICA NUBE DE AMOR', 2, 1, 'UNIDAD', 3.00, 5.00, 5.00, '2024-04-05', 1),
	(100000128, 'BROCHETA CHICA MINI ROJA', 4, 1, 'UNIDAD', 3.00, 5.00, 5.00, '2024-04-05', 1),
	(100000129, 'BROCHETA CHICA ZENONA', 10, 1, 'UNIDAD', 3.00, 5.00, 5.00, '2024-04-05', 1),
	(100000130, 'BROCHETA CHICA BEBE LLORONES', 4, 1, 'UNIDAD', 3.00, 5.00, 5.00, '2024-04-05', 1),
	(100000131, 'BROCHETA CHICA LOL', 9, 1, 'UNIDAD', 3.00, 5.00, 5.00, '2024-04-05', 1),
	(100000132, 'BROCHETA CHICA MASHA Y OSO', 4, 1, 'UNIDAD', 3.00, 5.00, 5.00, '2024-04-05', 1),
	(100000133, 'BROCHETA CHICA FROZEN', 1, 1, 'UNIDAD', 3.00, 5.00, 5.00, '2024-04-05', 1),
	(100000134, 'BROCHETA CHICA PRINCESAS', 1, 1, 'UNIDAD', 3.00, 5.00, 5.00, '2024-04-05', 1),
	(100000135, 'BROCHETA CHICA LADY BOG', 7, 1, 'UNIDAD', 3.00, 5.00, 5.00, '2024-04-05', 1),
	(100000136, 'BROCHETA CHICA MOANA BEBE', 1, 1, 'UNIDAD', 3.00, 5.00, 5.00, '2024-04-05', 1),
	(100000137, 'BROCHETA CHICA MOANA ', 2, 1, 'UNIDAD', 3.00, 5.00, 5.00, '2024-04-05', 1),
	(100000138, 'BROCHETA CHICA SIRENITA', 6, 1, 'UNIDAD', 3.00, 5.00, 5.00, '2024-04-05', 1),
	(100000139, 'BROCHETA CHICA SKAY', 5, 1, 'UNIDAD', 3.00, 5.00, 5.00, '2024-04-05', 1),
	(100000140, 'BROCHETA CHICA TIK TOK', 3, 1, 'UNIDAD', 3.00, 5.00, 5.00, '2024-04-05', 1),
	(100000141, 'BROCHETA CHICA MINI GOLD', 2, 1, 'UNIDAD', 3.00, 5.00, 5.00, '2024-04-05', 1),
	(100000142, 'BROCHETA CHICA MINI ROSA', 4, 1, 'UNIDAD', 3.00, 5.00, 5.00, '2024-04-05', 1),
	(100000143, 'BROCHETA CHICA HELLO KITY', 2, 1, 'UNIDAD', 3.00, 5.00, 5.00, '2024-04-05', 1),
	(100000144, 'POCORERA ZOMBIE', 5, 5, 'UNIDAD', 3.00, 5.00, 5.00, '2024-04-05', 1),
	(100000145, 'POCORERA SONIC', 20, 5, 'UNIDAD', 3.00, 5.00, 5.00, '2024-04-05', 1),
	(100000146, 'POCORERA PATROL', 19, 5, 'UNIDAD', 3.00, 5.00, 5.00, '2024-04-05', 1),
	(100000147, 'POCORERA SKIBIDI', 9, 5, 'UNIDAD', 3.00, 5.00, 5.00, '2024-04-05', 1),
	(100000148, 'POCORERA FREDDY', 17, 5, 'UNIDAD', 3.00, 5.00, 5.00, '2024-04-05', 1),
	(100000149, 'POCORERA CARS', 9, 5, 'UNIDAD', 3.00, 5.00, 5.00, '2024-04-05', 1),
	(100000150, 'POCORERA RAINBOW FRIENDS', 9, 5, 'UNIDAD', 3.00, 5.00, 5.00, '2024-04-05', 1),
	(100000151, 'POCORERA ROBLOX', 6, 5, 'UNIDAD', 3.00, 5.00, 5.00, '2024-04-05', 1),
	(100000152, 'POCORERA HOT WHELLS', 5, 5, 'UNIDAD', 3.00, 5.00, 5.00, '2024-04-05', 1),
	(100000153, 'POCORERA HUGGY WUGGI', 8, 5, 'UNIDAD', 3.00, 5.00, 5.00, '2024-04-05', 1),
	(100000154, 'POCORERA AMONGUS', 11, 5, 'UNIDAD', 3.00, 5.00, 5.00, '2024-04-05', 1),
	(100000155, 'POCORERA FREE FIRE', 8, 5, 'UNIDAD', 3.00, 5.00, 5.00, '2024-04-05', 1),
	(100000156, 'POCORERA  FORNITE', 9, 5, 'UNIDAD', 3.00, 5.00, 5.00, '2024-04-05', 1),
	(100000157, 'POCORERA  DINOSAURIO', 9, 5, 'UNIDAD', 3.00, 5.00, 5.00, '2024-04-05', 1),
	(100000158, 'POCORERA  BOB ESPONJA', 9, 5, 'UNIDAD', 3.00, 5.00, 5.00, '2024-04-05', 1),
	(100000159, 'POCORERA  BLUEY', 8, 5, 'UNIDAD', 3.00, 5.00, 5.00, '2024-04-05', 1),
	(100000160, 'POCORERA  ZENON', 8, 5, 'UNIDAD', 3.00, 5.00, 5.00, '2024-04-05', 1),
	(100000161, 'POCORERA  GOKU', 6, 5, 'UNIDAD', 3.00, 5.00, 5.00, '2024-04-05', 1),
	(100000162, 'POCORERA  MARIO BROS', 8, 5, 'UNIDAD', 3.00, 5.00, 5.00, '2024-04-05', 1),
	(100000163, 'POCORERA  ARA&Ntilde;A', 11, 5, 'UNIDAD', 3.00, 5.00, 5.00, '2024-04-05', 1),
	(100000164, 'POCORERA  VENGADORES', 4, 5, 'UNIDAD', 3.00, 5.00, 5.00, '2024-04-05', 1),
	(100000165, 'POCORERA  NARUTO', 2, 5, 'UNIDAD', 3.00, 5.00, 5.00, '2024-04-05', 1),
	(100000166, 'POCORERA  STICH', 9, 5, 'UNIDAD', 3.00, 5.00, 5.00, '2024-04-05', 1),
	(100000167, 'POCORERA TOY STORY', 12, 5, 'UNIDAD', 3.00, 5.00, 5.00, '2024-04-05', 1),
	(100000168, 'POCORERA CIRCUS DIGITAL', 5, 5, 'UNIDAD', 3.00, 5.00, 5.00, '2024-04-05', 1),
	(100000169, 'POCORERA PIJAMAS', 3, 5, 'UNIDAD', 3.00, 5.00, 5.00, '2024-04-05', 1),
	(100000170, 'POCORERA MIKE CRAF', 7, 5, 'UNIDAD', 3.00, 5.00, 5.00, '2024-04-05', 1),
	(100000171, 'POCORERA DINOSAURIO BEBE', 5, 5, 'UNIDAD', 3.00, 5.00, 5.00, '2024-04-05', 1),
	(100000172, 'POCORERA MICKEY REY', 9, 5, 'UNIDAD', 3.00, 5.00, 5.00, '2024-04-05', 1),
	(100000173, 'POCORERA BABY SHARK', 4, 5, 'UNIDAD', 3.00, 5.00, 5.00, '2024-04-05', 1),
	(100000174, 'POCORERA MICKEY ', 5, 5, 'UNIDAD', 3.00, 5.00, 5.00, '2024-04-05', 1),
	(100000175, 'POCORERA MICKEY GOLD', 9, 5, 'UNIDAD', 3.00, 5.00, 5.00, '2024-04-05', 1),
	(100000176, 'POCORERA REY', 13, 5, 'UNIDAD', 3.00, 5.00, 5.00, '2024-04-05', 1),
	(100000177, 'POCORERA PLIM PLIM', 10, 5, 'UNIDAD', 3.00, 5.00, 5.00, '2024-04-05', 1),
	(100000178, 'POCORERA MINE CRAF', 7, 5, 'UNIDAD', 3.00, 5.00, 5.00, '2024-04-05', 1),
	(100000179, 'POCORERA TRANSFORME', 1, 5, 'UNIDAD', 3.00, 5.00, 5.00, '2024-04-05', 1),
	(100000180, 'POCORERA MESSI', 11, 5, 'UNIDAD', 3.00, 5.00, 5.00, '2024-04-05', 1),
	(100000181, 'POCORERA FUTBOL VERDE', 13, 5, 'UNIDAD', 3.00, 5.00, 5.00, '2024-04-05', 1),
	(100000182, 'POCORERA VACA LOLA', 5, 5, 'UNIDAD', 3.00, 5.00, 5.00, '2024-04-05', 1),
	(100000183, 'POCORERA POPIT', 2, 5, 'UNIDAD', 3.00, 5.00, 5.00, '2024-04-05', 1),
	(100000184, 'POCORERA MOANA BEBE', 10, 5, 'UNIDAD', 3.00, 5.00, 5.00, '2024-04-05', 1),
	(100000185, 'POCORERA  KUROMI', 3, 5, 'UNIDAD', 3.00, 5.00, 5.00, '2024-04-05', 1),
	(100000186, 'POCORERA  CINAMORROL', 3, 5, 'UNIDAD', 3.00, 5.00, 5.00, '2024-04-05', 1),
	(100000187, 'POCORERA  BTS', 5, 5, 'UNIDAD', 3.00, 5.00, 5.00, '2024-04-05', 1),
	(100000188, 'POCORERA  SOY LUNA', 7, 5, 'UNIDAD', 3.00, 5.00, 5.00, '2024-04-05', 1),
	(100000189, 'POCORERA  TIK TOK', 6, 5, 'UNIDAD', 3.00, 5.00, 5.00, '2024-04-05', 1),
	(100000190, 'POCORERA  UNICORNIO', 8, 5, 'UNIDAD', 3.00, 5.00, 5.00, '2024-04-05', 1),
	(100000191, 'POCORERA  LULI PAMPIN', 5, 5, 'UNIDAD', 3.00, 5.00, 5.00, '2024-04-05', 1),
	(100000192, 'POCORERA  NUBE DE AMOR', 7, 5, 'UNIDAD', 3.00, 5.00, 5.00, '2024-04-05', 1),
	(100000193, 'POCORERA  ARIEL BEBE', 5, 5, 'UNIDAD', 3.00, 5.00, 5.00, '2024-04-05', 1),
	(100000194, 'POCORERA  LOL', 7, 5, 'UNIDAD', 3.00, 5.00, 5.00, '2024-04-05', 1),
	(100000195, 'POCORERA  MINI ROJA', 8, 5, 'UNIDAD', 3.00, 5.00, 5.00, '2024-04-05', 1),
	(100000196, 'POCORERA  MINI ROSA', 9, 5, 'UNIDAD', 3.00, 5.00, 5.00, '2024-04-05', 1),
	(100000197, 'POCORERA  BELLA BESTIA', 5, 5, 'UNIDAD', 3.00, 5.00, 5.00, '2024-04-05', 1),
	(100000198, 'POCORERA  GALLINA PINTADITA', 2, 5, 'UNIDAD', 3.00, 5.00, 5.00, '2024-04-05', 1),
	(100000199, 'BROCHETA CHICA PELOTA NEGRA', 1, 5, 'UNIDAD', 3.00, 5.00, 5.00, '2024-04-05', 1),
	(100000200, 'BROCHETA TINKERBELL', 5, 5, 'UNIDAD', 3.00, 5.00, 5.00, '2024-04-05', 1),
	(100000201, 'POCORERA HELLO KITY', 5, 5, 'UNIDAD', 3.00, 5.00, 5.00, '2024-04-05', 1),
	(100000202, 'POCORERA FROZEN', 6, 5, 'UNIDAD', 3.00, 5.00, 5.00, '2024-04-05', 1),
	(100000203, 'POCORERA SOFIA', 9, 5, 'UNIDAD', 3.00, 5.00, 5.00, '2024-04-05', 1),
	(100000204, 'POCORERA ZENONA', 10, 5, 'UNIDAD', 3.00, 5.00, 5.00, '2024-04-05', 1),
	(100000205, 'POCORERA PEPPA  PIG', 6, 5, 'UNIDAD', 3.00, 5.00, 5.00, '2024-04-05', 1),
	(100000206, 'POCORERA MASHA', 5, 5, 'UNIDAD', 3.00, 5.00, 5.00, '2024-04-05', 1),
	(100000207, 'POCORERA RAPUNZEL', 8, 5, 'UNIDAD', 3.00, 5.00, 5.00, '2024-04-05', 1),
	(100000208, 'POCORERA BARBIE', 11, 5, 'UNIDAD', 3.00, 5.00, 5.00, '2024-04-05', 1),
	(100000209, 'POCORERA ROBLOX NI&Ntilde;A', 7, 5, 'UNIDAD', 3.00, 5.00, 5.00, '2024-04-05', 1),
	(100000210, 'POCORERA SKAY', 10, 5, 'UNIDAD', 3.00, 5.00, 5.00, '2024-04-05', 1),
	(100000211, 'POCORERA PEACH', 8, 5, 'UNIDAD', 3.00, 5.00, 5.00, '2024-04-05', 1),
	(100000212, 'POCORERA PLIMPLINA', 5, 5, 'UNIDAD', 3.00, 5.00, 5.00, '2024-04-05', 1),
	(100000213, 'POCORERA NEZUKO', 5, 5, 'UNIDAD', 3.00, 5.00, 5.00, '2024-04-05', 1),
	(100000214, 'POCORERA SONICK NI&Ntilde;A', 10, 5, 'UNIDAD', 3.00, 5.00, 5.00, '2024-04-05', 1),
	(100000215, 'POCORERA MERLINA ', 3, 5, 'UNIDAD', 3.00, 5.00, 5.00, '2024-04-05', 1),
	(100000216, 'POCORERA MOANA', 6, 5, 'UNIDAD', 3.00, 5.00, 5.00, '2024-04-05', 1),
	(100000217, 'POCORERA ENCANTO', 6, 5, 'UNIDAD', 3.00, 5.00, 5.00, '2024-04-05', 1),
	(100000218, 'POCORERA ISABELA', 8, 5, 'UNIDAD', 3.00, 5.00, 5.00, '2024-04-05', 1),
	(100000219, 'POCORERA BLANCA NIEVES', 9, 5, 'UNIDAD', 3.00, 5.00, 5.00, '2024-04-05', 1),
	(100000220, 'POCORERA CASA DE GABY', 7, 5, 'UNIDAD', 3.00, 5.00, 5.00, '2024-04-05', 1),
	(100000221, 'POCORERA LADY BOG', 7, 5, 'UNIDAD', 3.00, 5.00, 5.00, '2024-04-05', 1),
	(100000222, 'POCORERA DORADA', 8, 5, 'UNIDAD', 3.00, 5.00, 5.00, '2024-04-05', 1),
	(100000223, 'POCORERA BLANCA', 4, 5, 'UNIDAD', 3.00, 5.00, 5.00, '2024-04-05', 1),
	(100000224, 'POCORERA ROSADA', 4, 5, 'UNIDAD', 3.00, 5.00, 5.00, '2024-04-05', 1),
	(100000225, 'POCORERA LILA', 6, 5, 'UNIDAD', 3.00, 5.00, 5.00, '2024-04-05', 1),
	(100000226, 'POCORERA CRAF', 3, 5, 'UNIDAD', 3.00, 5.00, 5.00, '2024-04-05', 1),
	(100000227, 'POCORERA FUCCIA', 10, 5, 'UNIDAD', 3.00, 5.00, 5.00, '2024-04-05', 1),
	(100000228, 'POCORERA MELON', 4, 5, 'UNIDAD', 3.00, 5.00, 5.00, '2024-04-05', 1),
	(100000229, 'POCORERA ROJO', 3, 5, 'UNIDAD', 3.00, 5.00, 5.00, '2024-04-05', 1),
	(100000230, 'POCORERA CELESTE', 7, 5, 'UNIDAD', 3.00, 5.00, 5.00, '2024-04-05', 1),
	(100000231, 'POCORERA VERDE', 4, 5, 'UNIDAD', 3.00, 5.00, 5.00, '2024-04-05', 1),
	(100000232, 'POCORERA AZUL', 6, 5, 'UNIDAD', 3.00, 5.00, 5.00, '2024-04-05', 1),
	(100000233, 'POCORERA VERDE CLARO', 8, 5, 'UNIDAD', 3.00, 5.00, 5.00, '2024-04-05', 1),
	(100000234, 'PI&Ntilde;ATA PLANCHA WINI POH', 4, 1, 'UNIDAD', 7.00, 10.00, 9.50, '2024-04-05', 1),
	(100000235, 'PI&Ntilde;ATA PLANCHA SKIBIDI', 5, 1, 'UNIDAD', 7.00, 10.00, 9.50, '2024-04-05', 1),
	(100000236, 'PI&Ntilde;ATA PLANCHA CIRCUS DIGITAL', 4, 1, 'UNIDAD', 7.00, 10.00, 9.50, '2024-04-05', 1),
	(100000237, 'PI&Ntilde;ATA PLANCHA CINAMORROL', 4, 1, 'UNIDAD', 7.00, 10.00, 9.50, '2024-04-05', 1),
	(100000238, 'PI&Ntilde;ATA PLANCHA MERLINA', 1, 1, 'UNIDAD', 7.00, 10.00, 9.50, '2024-04-05', 1),
	(100000239, 'PI&Ntilde;ATA PLANCHA KUROMI', 3, 1, 'UNIDAD', 7.00, 10.00, 9.50, '2024-04-05', 1),
	(100000240, 'PI&Ntilde;ATA PLANCHA HELLO KITY', 3, 1, 'UNIDAD', 7.00, 10.00, 9.50, '2024-04-05', 1),
	(100000241, 'PI&Ntilde;ATA PLANCHA  SONICK NI&Ntilde;A', 2, 1, 'UNIDAD', 7.00, 10.00, 9.50, '2024-04-05', 1),
	(100000242, 'PI&Ntilde;ATA PLANCHA  ENCANTO', 5, 1, 'UNIDAD', 7.00, 10.00, 9.50, '2024-04-05', 1),
	(100000243, 'PI&Ntilde;ATA PLANCHA  ZENONA', 1, 1, 'UNIDAD', 7.00, 10.00, 9.50, '2024-04-05', 1),
	(100000244, 'PI&Ntilde;ATA PLANCHA  LADY BOG', 1, 1, 'UNIDAD', 7.00, 10.00, 9.50, '2024-04-05', 1),
	(100000245, 'PI&Ntilde;ATA PLANCHA  SKAY', 3, 1, 'UNIDAD', 7.00, 10.00, 9.50, '2024-04-05', 1),
	(100000246, 'PI&Ntilde;ATA PLANCHA  BLANCA NIEVES', 1, 1, 'UNIDAD', 7.00, 10.00, 9.50, '2024-04-05', 1),
	(100000247, 'PI&Ntilde;ATA PLANCHA  MINI ROSA', 2, 1, 'UNIDAD', 7.00, 10.00, 9.50, '2024-04-05', 1),
	(100000248, 'PI&Ntilde;ATA PLANCHA  VACA LOLA', 2, 1, 'UNIDAD', 7.00, 10.00, 9.50, '2024-04-05', 1),
	(100000249, 'PI&Ntilde;ATA PLANCHA  FROZEN', 2, 1, 'UNIDAD', 7.00, 10.00, 9.50, '2024-04-05', 1),
	(100000250, 'PI&Ntilde;ATA PLANCHA  TIK TOK', 1, 1, 'UNIDAD', 7.00, 10.00, 9.50, '2024-04-05', 1),
	(100000251, 'PI&Ntilde;ATA PLANCHA  MASHA Y OSO', 1, 1, 'UNIDAD', 7.00, 10.00, 9.50, '2024-04-05', 1),
	(100000252, 'PI&Ntilde;ATA PLANCHA  UNICORNIO', 1, 1, 'UNIDAD', 7.00, 10.00, 9.50, '2024-04-05', 1),
	(100000253, 'PI&amp;Ntilde;ATA PLANCHA  CASA DE GABY', 1, 1, 'UNIDAD', 7.00, 10.00, 9.50, '2024-04-05', 1),
	(100000254, 'PI&Ntilde;ATA PLANCHA  SIRENA', 1, 1, 'UNIDAD', 7.00, 10.00, 9.50, '2024-04-05', 1),
	(100000255, 'PI&Ntilde;ATA PLANCHA  FREE FIRE', 4, 1, 'UNIDAD', 7.00, 10.00, 9.50, '2024-04-05', 1),
	(100000256, 'PI&Ntilde;ATA PLANCHA  LULI PAMPIN', 1, 1, 'UNIDAD', 7.00, 10.00, 9.50, '2024-04-05', 1),
	(100000257, 'PI&Ntilde;ATA PLANCHA  POCOYO', 2, 1, 'UNIDAD', 7.00, 10.00, 9.50, '2024-04-05', 1),
	(100000258, 'PI&Ntilde;ATA PLANCHA  ZENON', 2, 1, 'UNIDAD', 7.00, 10.00, 9.50, '2024-04-05', 1),
	(100000259, 'PI&Ntilde;ATA PLANCHA  ROBLOX', 2, 1, 'UNIDAD', 7.00, 10.00, 9.50, '2024-04-05', 1),
	(100000260, 'PI&Ntilde;ATA PLANCHA  MICKEY', 1, 1, 'UNIDAD', 7.00, 10.00, 9.50, '2024-04-05', 1),
	(100000261, 'PI&Ntilde;ATA PLANCHA  SAFARI BABY', 2, 1, 'UNIDAD', 7.00, 10.00, 9.50, '2024-04-05', 1),
	(100000262, 'PI&Ntilde;ATA PLANCHA  CARS', 1, 1, 'UNIDAD', 7.00, 10.00, 9.50, '2024-04-05', 1),
	(100000263, 'PI&Ntilde;ATA PLANCHA  TOY STORY', 1, 1, 'UNIDAD', 7.00, 10.00, 9.50, '2024-04-05', 1),
	(100000264, 'PI&Ntilde;ATA PLANCHA  DOKI', 3, 1, 'UNIDAD', 7.00, 10.00, 9.50, '2024-04-05', 1),
	(100000265, 'PI&Ntilde;ATA PLANCHA MIKE CRAF', 3, 1, 'UNIDAD', 7.00, 10.00, 9.50, '2024-04-05', 1),
	(100000266, 'PI&Ntilde;ATA PLANCHA BACYARDIGANS', 1, 1, 'UNIDAD', 7.00, 10.00, 9.50, '2024-04-05', 1),
	(100000267, 'PI&Ntilde;ATA PLANCHA AMONGUS', 2, 1, 'UNIDAD', 7.00, 10.00, 9.50, '2024-04-05', 1),
	(100000268, 'PI&Ntilde;ATA PLANCHA GOKU', 2, 1, 'UNIDAD', 7.00, 10.00, 9.50, '2024-04-05', 1),
	(100000269, 'PI&Ntilde;ATA PLANCHA SONIC', 2, 1, 'UNIDAD', 7.00, 10.00, 9.50, '2024-04-05', 1),
	(100000270, 'PI&Ntilde;ATA PLANCHA MARIO BROSS', 3, 1, 'UNIDAD', 7.00, 10.00, 9.50, '2024-04-05', 1),
	(100000271, 'PI&Ntilde;ATA PLANCHA POKEMON', 1, 1, 'UNIDAD', 7.00, 10.00, 9.50, '2024-04-05', 1),
	(100000272, 'PI&Ntilde;ATA PLANCHA DINOSAURIO', 4, 1, 'UNIDAD', 7.00, 10.00, 9.50, '2024-04-05', 1),
	(100000273, 'PI&Ntilde;ATA PLANCHA HUGGI WUGI', 1, 1, 'UNIDAD', 7.00, 10.00, 9.50, '2024-04-05', 1),
	(100000274, 'PI&Ntilde;ATA PLANCHA NARUTO', 1, 1, 'UNIDAD', 7.00, 10.00, 9.50, '2024-04-05', 1),
	(100000275, 'PI&Ntilde;ATA PLANCHA STICH', 3, 1, 'UNIDAD', 7.00, 10.00, 9.50, '2024-04-05', 1),
	(100000276, 'PI&Ntilde;ATA PLANCHA FREDDY', 4, 1, 'UNIDAD', 7.00, 10.00, 9.50, '2024-04-05', 1),
	(100000495, 'SORPRESA X10 MICKEY REY', 12, 2, 'UNIDAD', 6.00, 10.00, 10.00, '2024-04-06', 1),
	(100000278, 'PI&Ntilde;ATA CAMPANA  BABY SHARK', 2, 1, 'UNIDAD', 4.00, 6.00, 6.00, '2024-04-05', 1),
	(100000279, 'PI&Ntilde;ATA CAMPANA  MIKE CRAF', 1, 1, 'UNIDAD', 4.00, 6.00, 6.00, '2024-04-05', 1),
	(100000280, 'PI&Ntilde;ATA CAMPANA  FREE FIRE', 3, 1, 'UNIDAD', 4.00, 6.00, 6.00, '2024-04-05', 1),
	(100000281, 'PI&Ntilde;ATA CAMPANA  AMONGUS', 1, 1, 'UNIDAD', 4.00, 6.00, 6.00, '2024-04-05', 1),
	(100000282, 'PI&Ntilde;ATA CAMPANA  MICKEY BEBE', 1, 1, 'UNIDAD', 4.00, 6.00, 6.00, '2024-04-05', 1),
	(100000283, 'PI&Ntilde;ATA CAMPANA  PLIM PLIM', 1, 1, 'UNIDAD', 4.00, 6.00, 6.00, '2024-04-05', 1),
	(100000284, 'PI&Ntilde;ATA CAMPANA  CARS', 2, 1, 'UNIDAD', 4.00, 6.00, 6.00, '2024-04-05', 1),
	(100000285, 'PI&Ntilde;ATA TOY STORY', 1, 1, 'UNIDAD', 4.00, 6.00, 6.00, '2024-04-05', 1),
	(100000286, 'PI&Ntilde;ATA CAMPANA DINOSAURIO', 2, 1, 'UNIDAD', 4.00, 6.00, 6.00, '2024-04-05', 1),
	(100000287, 'PI&Ntilde;ATA NARUTO', 2, 1, 'UNIDAD', 4.00, 6.00, 6.00, '2024-04-05', 1),
	(100000288, 'PI&Ntilde;ATA CAMPANA SIRENITA', 1, 1, 'UNIDAD', 4.00, 6.00, 6.00, '2024-04-05', 1),
	(100000289, 'BROCHETA CHICA POPIT', 6, 1, 'UNIDAD', 3.00, 5.00, 5.00, '2024-04-05', 1),
	(100000290, 'BROCHETA CHICA UNICORNIO', 5, 1, 'UNIDAD', 3.00, 5.00, 5.00, '2024-04-05', 1),
	(100000291, 'INVITACION SOFIA', 3, 1, 'UNIDAD', 3.00, 5.00, 5.00, '2024-04-05', 1),
	(100000292, 'INVITACION RAPUNZEL', 7, 1, 'UNIDAD', 3.00, 5.00, 5.00, '2024-04-05', 1),
	(100000293, 'INVITACION KUROMI', 3, 1, 'UNIDAD', 3.00, 5.00, 5.00, '2024-04-05', 1),
	(100000294, 'INVITACION MELODY', 17, 1, 'UNIDAD', 3.00, 5.00, 5.00, '2024-04-05', 1),
	(100000295, 'INVITACION BAUTIZO NI&Ntilde;A', 7, 1, 'UNIDAD', 3.00, 5.00, 5.00, '2024-04-05', 1),
	(100000296, 'INVITACION BABY SHOWER NI&Ntilde;A', 7, 1, 'UNIDAD', 3.00, 5.00, 5.00, '2024-04-05', 1),
	(100000297, 'INVITACION 15 A&Ntilde;OS', 9, 1, 'UNIDAD', 3.00, 5.00, 5.00, '2024-04-05', 1),
	(100000298, 'INVITACION FLAMENCO', 6, 1, 'UNIDAD', 3.00, 5.00, 5.00, '2024-04-05', 1),
	(100000299, 'INVITACION DAMA', 8, 1, 'UNIDAD', 3.00, 5.00, 5.00, '2024-04-05', 1),
	(100000300, 'INVITACION REYNA', 8, 1, 'UNIDAD', 3.00, 5.00, 5.00, '2024-04-05', 1),
	(100000301, 'INVITACION ROBLOX NI&Ntilde;A', 19, 1, 'UNIDAD', 3.00, 5.00, 5.00, '2024-04-05', 1),
	(100000302, 'INVITACION UNICORNIO', 8, 1, 'UNIDAD', 3.00, 5.00, 5.00, '2024-04-05', 1),
	(100000303, 'INVITACION SONIC NI&Ntilde;A', 7, 1, 'UNIDAD', 3.00, 5.00, 5.00, '2024-04-05', 1),
	(100000304, 'INVITACION ALADINO JAZMIN', 8, 1, 'UNIDAD', 3.00, 5.00, 5.00, '2024-04-05', 1),
	(100000305, 'INVITACION VACA LOLA', 9, 1, 'UNIDAD', 3.00, 5.00, 5.00, '2024-04-05', 1),
	(100000306, 'INVITACION GALLINA PINTADITA', 9, 1, 'UNIDAD', 3.00, 5.00, 5.00, '2024-04-05', 1),
	(100000307, 'INVITACION PONI HUMANA', 3, 1, 'UNIDAD', 3.00, 5.00, 5.00, '2024-04-05', 1),
	(100000308, 'INVITACION VAMPIRINA', 7, 1, 'UNIDAD', 3.00, 5.00, 5.00, '2024-04-05', 1),
	(100000309, 'INVITACION MOANA', 10, 1, 'UNIDAD', 3.00, 5.00, 5.00, '2024-04-05', 1),
	(100000310, 'INVITACION MOANA BEBE', 8, 1, 'UNIDAD', 3.00, 5.00, 5.00, '2024-04-05', 1),
	(100000311, 'INVITACION MINI GOLD', 9, 2, 'UNIDAD', 3.00, 5.00, 5.00, '2024-04-05', 1),
	(100000312, 'INVITACION HUGGY WUGGI', 5, 2, 'UNIDAD', 3.00, 5.00, 5.00, '2024-04-05', 1),
	(100000313, 'INVITACION PEPPA PIG', 9, 2, 'UNIDAD', 3.00, 5.00, 5.00, '2024-04-05', 1),
	(100000314, 'INVITACION MASHA', 13, 2, 'UNIDAD', 3.00, 5.00, 5.00, '2024-04-05', 1),
	(100000315, 'INVITACION LULI PAMPIN', 17, 2, 'UNIDAD', 3.00, 5.00, 5.00, '2024-04-05', 1),
	(100000316, 'INVITACION SIRENA COLA', 2, 2, 'UNIDAD', 3.00, 5.00, 5.00, '2024-04-05', 1),
	(100000317, 'INVITACION PLIMPLINA', 7, 2, 'UNIDAD', 3.00, 5.00, 5.00, '2024-04-05', 1),
	(100000318, 'INVITACION LOL', 13, 2, 'UNIDAD', 3.00, 5.00, 5.00, '2024-04-05', 1),
	(100000319, 'INVITACION ISABELA', 7, 2, 'UNIDAD', 3.00, 5.00, 5.00, '2024-04-05', 1),
	(100000320, 'INVITACION ENCANTO', 8, 2, 'UNIDAD', 3.00, 5.00, 5.00, '2024-04-05', 1),
	(100000321, 'INVITACION LADY BOG', 13, 2, 'UNIDAD', 3.00, 5.00, 5.00, '2024-04-05', 1),
	(100000322, 'INVITACION SKAY', 16, 2, 'UNIDAD', 3.00, 5.00, 5.00, '2024-04-05', 1),
	(100000323, 'INVITACION MINI ROSA', 16, 2, 'UNIDAD', 3.00, 5.00, 5.00, '2024-04-05', 1),
	(100000324, 'INVITACION PRINCESAS', 10, 2, 'UNIDAD', 3.00, 5.00, 5.00, '2024-04-05', 1),
	(100000325, 'INVITACION MINI ROJA', 11, 2, 'UNIDAD', 3.00, 5.00, 5.00, '2024-04-05', 1),
	(100000326, 'INVITACION SOY LUNA', 8, 2, 'UNIDAD', 3.00, 5.00, 5.00, '2024-04-05', 1),
	(100000327, 'INVITACION TIK TOK', 6, 2, 'UNIDAD', 3.00, 5.00, 5.00, '2024-04-05', 1),
	(100000328, 'INVITACION BARBIE', 10, 2, 'UNIDAD', 3.00, 5.00, 5.00, '2024-04-05', 1),
	(100000329, 'INVITACION BTS', 6, 2, 'UNIDAD', 3.00, 5.00, 5.00, '2024-04-05', 1),
	(100000330, 'INVITACION ZENONA', 10, 2, 'UNIDAD', 3.00, 5.00, 5.00, '2024-04-05', 1),
	(100000331, 'INVITACION PEACH', 9, 2, 'UNIDAD', 3.00, 5.00, 5.00, '2024-04-05', 1),
	(100000332, 'INVITACION HELLO KITY', 8, 2, 'UNIDAD', 3.00, 5.00, 5.00, '2024-04-05', 1),
	(100000333, 'INVITACION MERLINA', 9, 2, 'UNIDAD', 3.00, 5.00, 5.00, '2024-04-05', 1),
	(100000334, 'INVITACION MINI BEBE', 14, 2, 'UNIDAD', 3.00, 5.00, 5.00, '2024-04-05', 1),
	(100000335, 'INVITACION FROZEN', 14, 2, 'UNIDAD', 3.00, 5.00, 5.00, '2024-04-05', 1),
	(100000336, 'INVITACION PONY CABALLO', 2, 2, 'UNIDAD', 3.00, 5.00, 5.00, '2024-04-05', 1),
	(100000337, 'INVITACION MATRIMONIO', 2, 2, 'UNIDAD', 3.00, 5.00, 5.00, '2024-04-05', 1),
	(100000338, 'INVITACION NEON', 3, 2, 'UNIDAD', 3.00, 5.00, 5.00, '2024-04-05', 1),
	(100000339, 'INVITACION TRANSFORMERS', 8, 2, 'UNIDAD', 3.00, 5.00, 5.00, '2024-04-05', 1),
	(100000340, 'INVITACION BOB ESPONJA', 8, 2, 'UNIDAD', 3.00, 5.00, 5.00, '2024-04-05', 1),
	(100000341, 'INVITACION VENGADORES', 18, 2, 'UNIDAD', 3.00, 5.00, 5.00, '2024-04-05', 1),
	(100000342, 'INVITACION PIJAMAS', 20, 2, 'UNIDAD', 3.00, 5.00, 5.00, '2024-04-05', 1),
	(100000343, 'INVITACION GOKU', 11, 2, 'UNIDAD', 3.00, 5.00, 5.00, '2024-04-05', 1),
	(100000344, 'INVITACION CARS', 15, 2, 'UNIDAD', 3.00, 5.00, 5.00, '2024-04-05', 1),
	(100000345, 'INVITACION ARA&Ntilde;A', 13, 2, 'UNIDAD', 3.00, 5.00, 5.00, '2024-04-05', 1),
	(100000346, 'INVITACION MINIONS', 4, 2, 'UNIDAD', 3.00, 5.00, 5.00, '2024-04-05', 1),
	(100000347, 'INVITACION ZENON', 7, 2, 'UNIDAD', 3.00, 5.00, 5.00, '2024-04-05', 1),
	(100000348, 'INVITACION HOT WHEELS', 8, 2, 'UNIDAD', 3.00, 5.00, 5.00, '2024-04-05', 1),
	(100000349, 'INVITACION HULK', 9, 1, 'UNIDAD', 3.00, 5.00, 5.00, '2024-04-06', 1),
	(100000350, 'INVITACION MICKEY', 12, 1, 'UNIDAD', 3.00, 5.00, 5.00, '2024-04-06', 1),
	(100000351, 'INVITACION DINOSAURIO', 17, 1, 'UNIDAD', 3.00, 5.00, 5.00, '2024-04-06', 1),
	(100000352, 'INVITACION ZOMBIES', 12, 1, 'UNIDAD', 3.00, 5.00, 5.00, '2024-04-06', 1),
	(100000353, 'INVITACION BABY SHARK', 8, 1, 'UNIDAD', 3.00, 5.00, 5.00, '2024-04-06', 1),
	(100000354, 'INVITACION SONIC', 14, 1, 'UNIDAD', 3.00, 5.00, 5.00, '2024-04-06', 1),
	(100000355, 'INVITACION MICKEY GOLD', 2, 1, 'UNIDAD', 3.00, 5.00, 5.00, '2024-04-06', 1),
	(100000356, 'INVITACION MIKE CRAF', 8, 1, 'UNIDAD', 3.00, 5.00, 5.00, '2024-04-06', 1),
	(100000357, 'INVITACION PLIN PLIM', 17, 1, 'UNIDAD', 3.00, 5.00, 5.00, '2024-04-06', 1),
	(100000358, 'INVITACION MICKEY  BEBE', 9, 1, 'UNIDAD', 3.00, 5.00, 5.00, '2024-04-06', 1),
	(100000359, 'INVITACION POKEMON', 10, 1, 'UNIDAD', 3.00, 5.00, 5.00, '2024-04-06', 1),
	(100000360, 'INVITACION POCOYO', 11, 1, 'UNIDAD', 3.00, 5.00, 5.00, '2024-04-06', 1),
	(100000361, 'INVITACION TOY STORY', 15, 1, 'UNIDAD', 3.00, 5.00, 5.00, '2024-04-06', 1),
	(100000362, 'INVITACION PATROL', 22, 1, 'UNIDAD', 3.00, 5.00, 5.00, '2024-04-06', 1),
	(100000363, 'INVITACION MARIO BROSS', 7, 1, 'UNIDAD', 3.00, 5.00, 5.00, '2024-04-06', 1),
	(100000364, 'INVITACION SPIDY ARA&Ntilde;A', 10, 1, 'UNIDAD', 3.00, 5.00, 5.00, '2024-04-06', 1),
	(100000365, 'INVITACION ROBLOX', 12, 1, 'UNIDAD', 3.00, 5.00, 5.00, '2024-04-06', 1),
	(100000366, 'INVITACION RAINBON FRIENDS', 5, 1, 'UNIDAD', 3.00, 5.00, 5.00, '2024-04-06', 1),
	(100000367, 'INVITACION SKIBIDI ', 6, 1, 'UNIDAD', 3.00, 5.00, 5.00, '2024-04-06', 1),
	(100000368, 'INVITACION AMONGUS', 8, 1, 'UNIDAD', 3.00, 5.00, 5.00, '2024-04-06', 1),
	(100000369, 'INVITACION BLUEY', 10, 1, 'UNIDAD', 3.00, 5.00, 5.00, '2024-04-06', 1),
	(100000370, 'INVITACION MINE CRAF', 8, 1, 'UNIDAD', 3.00, 5.00, 5.00, '2024-04-06', 1),
	(100000371, 'INVITACION FORNITE', 11, 1, 'UNIDAD', 3.00, 5.00, 5.00, '2024-04-06', 1),
	(100000372, 'INVITACION FREE FIRE', 6, 1, 'UNIDAD', 3.00, 5.00, 5.00, '2024-04-06', 1),
	(100000373, 'INVITACION MESSI', 20, 1, 'UNIDAD', 3.00, 5.00, 5.00, '2024-04-06', 1),
	(100000374, 'INVITACION FUTBOL VERDE', 7, 1, 'UNIDAD', 3.00, 5.00, 5.00, '2024-04-06', 1),
	(100000375, 'INVITACION ALIANZA', 7, 1, 'UNIDAD', 3.00, 5.00, 5.00, '2024-04-06', 1),
	(100000376, 'INVITACION UNIVERSITARIO', 2, 1, 'UNIDAD', 3.00, 5.00, 5.00, '2024-04-06', 1),
	(100000377, 'INVITACION REY', 1, 1, 'UNIDAD', 3.00, 5.00, 5.00, '2024-04-06', 1),
	(100000378, 'INVITACION VARON', 7, 1, 'UNIDAD', 3.00, 5.00, 5.00, '2024-04-06', 1),
	(100000379, 'INVITACION BAUTIZO NI&Ntilde;O', 11, 1, 'UNIDAD', 3.00, 5.00, 5.00, '2024-04-06', 1),
	(100000380, 'INVITACION DINO BEBE', 9, 1, 'UNIDAD', 3.00, 5.00, 5.00, '2024-04-06', 1),
	(100000381, 'INVITACION SAFARI BEBE', 9, 1, 'UNIDAD', 3.00, 5.00, 5.00, '2024-04-06', 1),
	(100000382, 'INVITACION SAFARI ', 15, 1, 'UNIDAD', 3.00, 5.00, 5.00, '2024-04-06', 1),
	(100000383, 'INVITACION BABY SHOWER NI&Ntilde;O', 8, 1, 'UNIDAD', 3.00, 5.00, 5.00, '2024-04-06', 1),
	(100000384, 'STICKER PLANCHA DINOSAURIO', 2, 1, 'UNIDAD', 7.00, 10.00, 10.00, '2024-04-06', 1),
	(100000385, 'STICKER PLANCHA PLIM PLIM', 6, 1, 'UNIDAD', 7.00, 10.00, 10.00, '2024-04-06', 1),
	(100000386, 'STICKER PLANCHA VENGADORES', 5, 1, 'UNIDAD', 7.00, 10.00, 10.00, '2024-04-06', 1),
	(100000387, 'STICKER PLANCHA DINO BEBE', 4, 1, 'UNIDAD', 7.00, 10.00, 10.00, '2024-04-06', 1),
	(100000388, 'STICKER PLANCHA MIKE CRAF', 3, 1, 'UNIDAD', 7.00, 10.00, 10.00, '2024-04-06', 1),
	(100000389, 'STICKER PLANCHA MARIO BROS', 3, 1, 'UNIDAD', 7.00, 10.00, 10.00, '2024-04-06', 1),
	(100000390, 'STICKER PLANCHA SONIC', 2, 1, 'UNIDAD', 7.00, 10.00, 10.00, '2024-04-06', 1),
	(100000391, 'STICKER PLANCHA MINE CRAF', 2, 1, 'UNIDAD', 7.00, 10.00, 10.00, '2024-04-06', 1),
	(100000392, 'STICKER PLANCHA ZOMBIES', 5, 1, 'UNIDAD', 7.00, 10.00, 10.00, '2024-04-06', 1),
	(100000393, 'STICKER PLANCHA CARS', 6, 1, 'UNIDAD', 7.00, 10.00, 10.00, '2024-04-06', 1),
	(100000394, 'STICKER PLANCHA REY', 2, 1, 'UNIDAD', 7.00, 10.00, 10.00, '2024-04-06', 1),
	(100000395, 'STICKER PLANCHA NARUTO', 2, 1, 'UNIDAD', 7.00, 10.00, 10.00, '2024-04-06', 1),
	(100000396, 'STICKER PLANCHA TOY STORY', 4, 1, 'UNIDAD', 7.00, 10.00, 10.00, '2024-04-06', 1),
	(100000397, 'STICKER PLANCHA ZENON', 3, 1, 'UNIDAD', 7.00, 10.00, 10.00, '2024-04-06', 1),
	(100000398, 'STICKER PLANCHA POKEMON', 2, 1, 'UNIDAD', 7.00, 10.00, 10.00, '2024-04-06', 1),
	(100000399, 'STICKER PLANCHA HUGGY WUGGI', 7, 1, 'UNIDAD', 7.00, 10.00, 10.00, '2024-04-06', 1),
	(100000400, 'STICKER PLANCHA AMONGUS', 7, 1, 'UNIDAD', 7.00, 10.00, 10.00, '2024-04-06', 1),
	(100000401, 'STICKER PLANCHA FREEFIRE', 4, 1, 'UNIDAD', 7.00, 10.00, 10.00, '2024-04-06', 1),
	(100000402, 'STICKER PLANCHA GOKU', 2, 1, 'UNIDAD', 7.00, 10.00, 10.00, '2024-04-06', 1),
	(100000403, 'STICKER PLANCHA BOB ESPONJA', 1, 1, 'UNIDAD', 7.00, 10.00, 10.00, '2024-04-06', 1),
	(100000404, 'STICKER PLANCHA POCOYO', 3, 1, 'UNIDAD', 7.00, 10.00, 10.00, '2024-04-06', 1),
	(100000405, 'STICKER PLANCHA MICKEY BEBE', 2, 1, 'UNIDAD', 7.00, 10.00, 10.00, '2024-04-06', 1),
	(100000406, 'STICKER PLANCHA MICKEY REY', 4, 1, 'UNIDAD', 7.00, 10.00, 10.00, '2024-04-06', 1),
	(100000407, 'STICKER PLANCHA MICKEY ', 5, 1, 'UNIDAD', 7.00, 10.00, 10.00, '2024-04-06', 1),
	(100000408, 'STICKER PLANCHA FROZEN', 4, 1, 'UNIDAD', 7.00, 10.00, 10.00, '2024-04-06', 1),
	(100000409, 'STICKER PLANCHA SIRENA COLA', 4, 1, 'UNIDAD', 7.00, 10.00, 10.00, '2024-04-06', 1),
	(100000410, 'STICKER PLANCHA ENCANTO', 4, 1, 'UNIDAD', 7.00, 10.00, 10.00, '2024-04-06', 1),
	(100000411, 'STICKER PLANCHA ISABELA', 4, 1, 'UNIDAD', 7.00, 10.00, 10.00, '2024-04-06', 1),
	(100000412, 'STICKER PLANCHA MINI ROSA', 2, 1, 'UNIDAD', 7.00, 10.00, 10.00, '2024-04-06', 1),
	(100000413, 'STICKER PLANCHA MINI ROJA', 2, 1, 'UNIDAD', 7.00, 10.00, 10.00, '2024-04-06', 1),
	(100000414, 'STICKER PLANCHA GALLINA PINTADITA', 2, 1, 'UNIDAD', 7.00, 10.00, 10.00, '2024-04-06', 1),
	(100000415, 'STICKER PLANCHA VACA LOLA', 1, 1, 'UNIDAD', 7.00, 10.00, 10.00, '2024-04-06', 1),
	(100000416, 'STICKER PLANCHA NUBE DE AMOR', 1, 1, 'UNIDAD', 7.00, 10.00, 10.00, '2024-04-06', 1),
	(100000417, 'STICKER PLANCHA PONY CABALLO', 1, 1, 'UNIDAD', 7.00, 10.00, 10.00, '2024-04-06', 1),
	(100000418, 'STICKER PLANCHA LOL', 2, 1, 'UNIDAD', 7.00, 10.00, 10.00, '2024-04-06', 1),
	(100000419, 'STICKER PLANCHA TIK TOK', 1, 1, 'UNIDAD', 7.00, 10.00, 10.00, '2024-04-06', 1),
	(100000420, 'STICKER PLANCHA BLACK PINK', 3, 1, 'UNIDAD', 7.00, 10.00, 10.00, '2024-04-06', 1),
	(100000421, 'STICKER PLANCHA LADY BOG', 3, 1, 'UNIDAD', 7.00, 10.00, 10.00, '2024-04-06', 1),
	(100000422, 'STICKER PLANCHA UNICORNIO', 5, 1, 'UNIDAD', 7.00, 10.00, 10.00, '2024-04-06', 1),
	(100000423, 'STICKER PLANCHA PLIM PLINA', 1, 1, 'UNIDAD', 7.00, 10.00, 10.00, '2024-04-06', 1),
	(100000424, 'STICKER PLANCHA SKAY', 1, 1, 'UNIDAD', 7.00, 10.00, 10.00, '2024-04-06', 1),
	(100000425, 'STICKER PLANCHA MASHA', 2, 1, 'UNIDAD', 7.00, 10.00, 10.00, '2024-04-06', 1),
	(100000426, 'STICKER PLANCHA MINI GOLD', 1, 1, 'UNIDAD', 7.00, 10.00, 10.00, '2024-04-06', 1),
	(100000427, 'STICKER PLANCHA BABY SHOWER NI&Ntilde;A', 1, 1, 'UNIDAD', 7.00, 10.00, 10.00, '2024-04-06', 1),
	(100000428, 'STICKER PLANCHA  PEACH', 11, 1, 'UNIDAD', 7.00, 10.00, 10.00, '2024-04-06', 1),
	(100000429, 'STICKER PLANCHA  BARBIE', 2, 1, 'UNIDAD', 7.00, 10.00, 10.00, '2024-04-06', 1),
	(100000430, 'STICKER PLANCHA  SOFIA', 4, 1, 'UNIDAD', 7.00, 10.00, 10.00, '2024-04-06', 1),
	(100000431, 'STICKER PLANCHA  SIRENITA', 3, 1, 'UNIDAD', 7.00, 10.00, 10.00, '2024-04-06', 1),
	(100000432, 'STICKER PLANCHA  PRINCESAS', 1, 1, 'UNIDAD', 7.00, 10.00, 10.00, '2024-04-06', 1),
	(100000433, 'STICKER PLANCHA RAPUNZEL', 2, 1, 'UNIDAD', 7.00, 10.00, 10.00, '2024-04-06', 1),
	(100000434, 'CAJA TORTA BLANCO', 7, 2, 'UNIDAD', 2.00, 3.50, 3.50, '2024-04-06', 1),
	(100000435, 'CAJA TORTA PLATA', 4, 2, 'UNIDAD', 2.00, 3.50, 3.50, '2024-04-06', 1),
	(100000436, 'CAJA TORTA DORADO', 12, 2, 'UNIDAD', 2.00, 3.50, 3.50, '2024-04-06', 1),
	(100000437, 'CAJA TORTA  FUCCIA', 13, 2, 'UNIDAD', 2.00, 3.50, 3.50, '2024-04-06', 1),
	(100000438, 'CAJA TORTA  LILA', 17, 2, 'UNIDAD', 2.00, 3.50, 3.50, '2024-04-06', 1),
	(100000439, 'CAJA TORTA  NEGRO', 17, 2, 'UNIDAD', 2.00, 3.50, 3.50, '2024-04-06', 1),
	(100000440, 'CAJA TORTA  NARANJA', 17, 2, 'UNIDAD', 2.00, 3.50, 3.50, '2024-04-06', 1),
	(100000441, 'CAJA TORTA  AZUL', 8, 2, 'UNIDAD', 2.00, 3.50, 3.50, '2024-04-06', 1),
	(100000442, 'CAJA TORTA  AMARILLO', 8, 2, 'UNIDAD', 2.00, 3.50, 3.50, '2024-04-06', 1),
	(100000443, 'CAJA TORTA  ROJO', 18, 2, 'UNIDAD', 2.00, 3.50, 3.50, '2024-04-06', 1),
	(100000444, 'CAJA TORTA  CELESTE', 11, 2, 'UNIDAD', 2.00, 3.50, 3.50, '2024-04-06', 1),
	(100000445, 'CAJA TORTA  ROSADA', 10, 2, 'UNIDAD', 2.00, 3.50, 3.50, '2024-04-06', 1),
	(100000446, 'CAJA TORTA  VERDE JADE', 4, 2, 'UNIDAD', 2.00, 3.50, 3.50, '2024-04-06', 1),
	(100000447, 'CAJA TORTA  CRAF', 1, 2, 'UNIDAD', 2.00, 3.50, 3.50, '2024-04-06', 1),
	(100000448, 'SORPRESA SIRENITA', 10, 2, 'UNIDAD', 6.00, 10.00, 10.00, '2024-04-06', 1),
	(100000449, 'SORPRESA SIRENA COLA', 7, 2, 'UNIDAD', 6.00, 10.00, 10.00, '2024-04-06', 1),
	(100000450, 'SORPRESA PRINCESAS', 10, 2, 'UNIDAD', 6.00, 10.00, 10.00, '2024-04-06', 1),
	(100000451, 'SORPRESA BLANCA NIEVES', 6, 2, 'UNIDAD', 6.00, 10.00, 10.00, '2024-04-06', 1),
	(100000452, 'SORPRESA MOANA', 6, 2, 'UNIDAD', 6.00, 10.00, 10.00, '2024-04-06', 1),
	(100000453, 'SORPRESA ISABEL', 6, 2, 'UNIDAD', 6.00, 10.00, 10.00, '2024-04-06', 1),
	(100000454, 'SORPRESA ENCANTO', 3, 2, 'UNIDAD', 6.00, 10.00, 10.00, '2024-04-06', 1),
	(100000455, 'SORPRESA PEPPA PIG', 8, 2, 'UNIDAD', 6.00, 10.00, 10.00, '2024-04-06', 1),
	(100000456, 'SORPRESA SKAY', 6, 2, 'UNIDAD', 6.00, 10.00, 10.00, '2024-04-06', 1),
	(100000457, 'SORPRESA PLIN PLINA', 12, 2, 'UNIDAD', 6.00, 10.00, 10.00, '2024-04-06', 1),
	(100000458, 'SORPRESA GALLINA PINTADITA', 10, 2, 'UNIDAD', 6.00, 10.00, 10.00, '2024-04-06', 1),
	(100000459, 'SORPRESA MASHA', 7, 2, 'UNIDAD', 6.00, 10.00, 10.00, '2024-04-06', 1),
	(100000460, 'SORPRESA FROZEN', 10, 2, 'UNIDAD', 6.00, 10.00, 10.00, '2024-04-06', 1),
	(100000461, 'SORPRESA UNICORNIO', 12, 2, 'UNIDAD', 6.00, 10.00, 10.00, '2024-04-06', 1),
	(100000462, 'SORPRESA BARBIE', 10, 2, 'UNIDAD', 6.00, 10.00, 10.00, '2024-04-06', 1),
	(100000463, 'SORPRESA LADY BOG', 7, 2, 'UNIDAD', 6.00, 10.00, 10.00, '2024-04-06', 1),
	(100000464, 'SORPRESA MERLINA', 5, 2, 'UNIDAD', 6.00, 10.00, 10.00, '2024-04-06', 1),
	(100000465, 'SORPRESA ROBLOX NI&Ntilde;A', 14, 2, 'UNIDAD', 6.00, 10.00, 10.00, '2024-04-06', 1),
	(100000466, 'SORPRESA VACA LOLA', 9, 2, 'UNIDAD', 6.00, 10.00, 10.00, '2024-04-06', 1),
	(100000467, 'SORPRESA PEACH', 7, 2, 'UNIDAD', 6.00, 10.00, 10.00, '2024-04-06', 1),
	(100000468, 'SORPRESA ZENONA', 2, 2, 'UNIDAD', 6.00, 10.00, 10.00, '2024-04-06', 1),
	(100000469, 'SORPRESA SONIC NI&Ntilde;A', 11, 2, 'UNIDAD', 6.00, 10.00, 10.00, '2024-04-06', 1),
	(100000470, 'SORPRESA BTS', 4, 2, 'UNIDAD', 6.00, 10.00, 10.00, '2024-04-06', 1),
	(100000471, 'SORPRESA SOY LUNA', 3, 2, 'UNIDAD', 6.00, 10.00, 10.00, '2024-04-06', 1),
	(100000472, 'SORPRESA SOFIA', 10, 2, 'UNIDAD', 6.00, 10.00, 10.00, '2024-04-06', 1),
	(100000473, 'SORPRESA MINI ROJA', 1, 2, 'UNIDAD', 6.00, 10.00, 10.00, '2024-04-06', 1),
	(100000474, 'SORPRESA MINI BEBE', 6, 2, 'UNIDAD', 6.00, 10.00, 10.00, '2024-04-06', 1),
	(100000475, 'SORPRESA MOANA BEBE', 6, 2, 'UNIDAD', 6.00, 10.00, 10.00, '2024-04-06', 1),
	(100000476, 'SORPRESA MINI ROSADA', 9, 2, 'UNIDAD', 6.00, 10.00, 10.00, '2024-04-06', 1),
	(100000477, 'SORPRESA MINI GOLD', 3, 2, 'UNIDAD', 6.00, 10.00, 10.00, '2024-04-06', 1),
	(100000478, 'SORPRESA REYNA', 6, 2, 'UNIDAD', 6.00, 10.00, 10.00, '2024-04-06', 1),
	(100000479, 'SORPRESA SIRENA BEBE', 9, 2, 'UNIDAD', 6.00, 10.00, 10.00, '2024-04-06', 1),
	(100000480, 'SORPRESA HELLO KITY', 5, 2, 'UNIDAD', 6.00, 10.00, 10.00, '2024-04-06', 1),
	(100000481, 'SORPRESA NEZUKO', 6, 2, 'UNIDAD', 6.00, 10.00, 10.00, '2024-04-06', 1),
	(100000482, 'SORPRESA KUROMI', 10, 2, 'UNIDAD', 6.00, 10.00, 10.00, '2024-04-06', 1),
	(100000483, 'SORPRESA CINAMORROL', 7, 2, 'UNIDAD', 6.00, 10.00, 10.00, '2024-04-06', 1),
	(100000484, 'SORPRESA LOL', 4, 2, 'UNIDAD', 6.00, 10.00, 10.00, '2024-04-06', 1),
	(100000485, 'SORPRESA CASA GABY', 12, 2, 'UNIDAD', 6.00, 10.00, 10.00, '2024-04-06', 1),
	(100000486, 'SORPRESA RAPUNZEL', 15, 2, 'UNIDAD', 6.00, 10.00, 10.00, '2024-04-06', 1),
	(100000487, 'SORPRESA TIK TOK', 5, 2, 'UNIDAD', 6.00, 10.00, 10.00, '2024-04-06', 1),
	(100000488, 'SORPRESA BELLA Y BESTIA', 8, 2, 'UNIDAD', 6.00, 10.00, 10.00, '2024-04-06', 1),
	(100000489, 'SORPRESA TIMKERBELL', 5, 2, 'UNIDAD', 6.00, 10.00, 10.00, '2024-04-06', 1),
	(100000490, 'SORPRESA NUBE DE AMOR', 15, 2, 'UNIDAD', 6.00, 10.00, 10.00, '2024-04-06', 1),
	(100000491, 'SORPRESA MARIPOSAS ', 9, 2, 'UNIDAD', 6.00, 10.00, 10.00, '2024-04-06', 1),
	(100000492, 'SORPRESA GIRASOL', 14, 2, 'UNIDAD', 6.00, 10.00, 10.00, '2024-04-06', 1),
	(100000493, 'SORPRESA BLUEY', 8, 2, 'UNIDAD', 6.00, 10.00, 10.00, '2024-04-06', 1),
	(100000494, 'SORPRESA STICH', 9, 2, 'UNIDAD', 6.00, 10.00, 10.00, '2024-04-06', 1),
	(100000496, 'SORPRESA X10 ASTRONAUTA', 14, 2, 'UNIDAD', 6.00, 10.00, 10.00, '2024-04-06', 1),
	(100000497, 'SORPRESA X10 POCOYO', 5, 2, 'UNIDAD', 6.00, 10.00, 10.00, '2024-04-06', 1),
	(100000498, 'SORPRESA X10 SKIBIDI', 14, 2, 'UNIDAD', 6.00, 10.00, 10.00, '2024-04-06', 1),
	(100000499, 'SORPRESA X10 ROBLOX', 9, 2, 'UNIDAD', 6.00, 10.00, 10.00, '2024-04-06', 1),
	(100000500, 'SORPRESA X10 ARA&Ntilde;A', 12, 2, 'UNIDAD', 6.00, 10.00, 10.00, '2024-04-06', 1),
	(100000501, 'SORPRESA X10 VENGADORES', 11, 2, 'UNIDAD', 6.00, 10.00, 10.00, '2024-04-06', 1),
	(100000502, 'SORPRESA X10 MIKE CRAF', 8, 2, 'UNIDAD', 6.00, 10.00, 10.00, '2024-04-06', 1),
	(100000503, 'SORPRESA X10 FORNITE', 6, 2, 'UNIDAD', 6.00, 10.00, 10.00, '2024-04-06', 1),
	(100000504, 'SORPRESA X10 FREEFIRE', 7, 2, 'UNIDAD', 6.00, 10.00, 10.00, '2024-04-06', 1),
	(100000505, 'SORPRESA X10 CARS', 6, 2, 'UNIDAD', 6.00, 10.00, 10.00, '2024-04-06', 1),
	(100000506, 'SORPRESA X10 HOT WHELLS', 9, 2, 'UNIDAD', 6.00, 10.00, 10.00, '2024-04-06', 1),
	(100000507, 'SORPRESA X10 PATROL', 16, 2, 'UNIDAD', 6.00, 10.00, 10.00, '2024-04-06', 1),
	(100000508, 'SORPRESA X10 ZENON', 8, 2, 'UNIDAD', 6.00, 10.00, 10.00, '2024-04-06', 1),
	(100000509, 'SORPRESA X10 ZOMBIE', 8, 2, 'UNIDAD', 6.00, 10.00, 10.00, '2024-04-06', 1),
	(100000510, 'SORPRESA X10 POKEMON', 9, 2, 'UNIDAD', 6.00, 10.00, 10.00, '2024-04-06', 1),
	(100000511, 'SORPRESA X10 TOY STORY', 6, 2, 'UNIDAD', 6.00, 10.00, 10.00, '2024-04-06', 1),
	(100000512, 'SORPRESA X10 MINE CRAFT', 15, 2, 'UNIDAD', 6.00, 10.00, 10.00, '2024-04-06', 1),
	(100000513, 'SORPRESA X10 PLIM PLIM', 15, 2, 'UNIDAD', 6.00, 10.00, 10.00, '2024-04-06', 1),
	(100000514, 'SORPRESA X10 REY', 11, 2, 'UNIDAD', 6.00, 10.00, 10.00, '2024-04-06', 1),
	(100000515, 'SORPRESA X10 BABY SHARK', 6, 2, 'UNIDAD', 6.00, 10.00, 10.00, '2024-04-06', 1),
	(100000516, 'SORPRESA X10 DIGITAL CIRCUS ', 9, 2, 'UNIDAD', 6.00, 10.00, 10.00, '2024-04-06', 1),
	(100000517, 'SORPRESA X10 FREDDY', 18, 2, 'UNIDAD', 6.00, 10.00, 10.00, '2024-04-06', 1),
	(100000518, 'SORPRESA X10 DINOSAURIO', 10, 2, 'UNIDAD', 6.00, 10.00, 10.00, '2024-04-06', 1),
	(100000519, 'SORPRESA X10 NARUTO', 5, 2, 'UNIDAD', 6.00, 10.00, 10.00, '2024-04-06', 1),
	(100000520, 'SORPRESA X10 GOKU', 7, 2, 'UNIDAD', 6.00, 10.00, 10.00, '2024-04-06', 1),
	(100000521, 'SORPRESA X10 MICKEY', 10, 2, 'UNIDAD', 6.00, 10.00, 10.00, '2024-04-06', 1),
	(100000522, 'SORPRESA X10 DINO BEBE', 8, 2, 'UNIDAD', 6.00, 10.00, 10.00, '2024-04-06', 1),
	(100000523, 'SORPRESA X10 SAFARI', 10, 2, 'UNIDAD', 6.00, 10.00, 10.00, '2024-04-06', 1),
	(100000524, 'SORPRESA X10 PIJAMAS', 1, 2, 'UNIDAD', 6.00, 10.00, 10.00, '2024-04-06', 1),
	(100000525, 'SORPRESA X10 MARIO BROS ', 9, 2, 'UNIDAD', 6.00, 10.00, 10.00, '2024-04-06', 1),
	(100000526, 'SORPRESA X10 RAINBOW FRIENDS', 5, 2, 'UNIDAD', 6.00, 10.00, 10.00, '2024-04-06', 1),
	(100000527, 'SORPRESA X10 BEBE FINN', 10, 2, 'UNIDAD', 6.00, 10.00, 10.00, '2024-04-06', 1),
	(100000528, 'SORPRESA  MESSI', 10, 2, 'UNIDAD', 6.00, 10.00, 10.00, '2024-04-06', 1),
	(100000529, 'SORPRESA  UNIVERSITARIO', 3, 2, 'UNIDAD', 6.00, 10.00, 10.00, '2024-04-06', 1),
	(100000530, 'SORPRESA  BLANCO', 13, 2, 'UNIDAD', 6.00, 10.00, 10.00, '2024-04-06', 1),
	(100000531, 'SORPRESA  PLATEADO', 4, 2, 'UNIDAD', 6.00, 10.00, 10.00, '2024-04-06', 1),
	(100000532, 'SORPRESA  DORADO', 2, 2, 'UNIDAD', 6.00, 10.00, 10.00, '2024-04-06', 1),
	(100000533, 'SORPRESA  ROSADO', 10, 2, 'UNIDAD', 6.00, 10.00, 10.00, '2024-04-06', 1),
	(100000534, 'SORPRESA  AZUL', 11, 2, 'UNIDAD', 6.00, 10.00, 10.00, '2024-04-06', 1),
	(100000535, 'SORPRESA  FUCCIA', 8, 2, 'UNIDAD', 6.00, 10.00, 10.00, '2024-04-06', 1),
	(100000536, 'SORPRESA  NEGRO', 7, 2, 'UNIDAD', 6.00, 10.00, 10.00, '2024-04-06', 1),
	(100000537, 'SORPRESA  LILA', 7, 2, 'UNIDAD', 6.00, 10.00, 10.00, '2024-04-06', 1),
	(100000538, 'SORPRESA  VERDE  CLARO', 5, 2, 'UNIDAD', 6.00, 10.00, 10.00, '2024-04-06', 1),
	(100000539, 'SORPRESA  VERDE  OSCURO', 6, 2, 'UNIDAD', 6.00, 10.00, 10.00, '2024-04-06', 1),
	(100000540, 'SORPRESA  MELON', 2, 2, 'UNIDAD', 6.00, 10.00, 10.00, '2024-04-06', 1),
	(100000541, 'SORPRESA  NARANJA', 5, 2, 'UNIDAD', 6.00, 10.00, 10.00, '2024-04-06', 1),
	(100000542, 'SORPRESA  AMARILLO', 6, 2, 'UNIDAD', 6.00, 10.00, 10.00, '2024-04-06', 1),
	(100000543, 'SORPRESA  ROJO ', 6, 2, 'UNIDAD', 6.00, 10.00, 10.00, '2024-04-06', 1),
	(100000544, 'VASO X 12 STICH', 12, 2, 'UNIDAD', 2.00, 3.50, 3.50, '2024-04-06', 1),
	(100000545, 'VASO X 12 SOFIA', 10, 2, 'UNIDAD', 2.00, 3.50, 3.50, '2024-04-06', 1),
	(100000546, 'VASO X 12  REYNA', 7, 2, 'UNIDAD', 2.00, 3.50, 3.50, '2024-04-06', 1),
	(100000547, 'VASO X 12  SKAY', 7, 2, 'UNIDAD', 2.00, 3.50, 3.50, '2024-04-06', 1),
	(100000548, 'VASO X 12  NUBE DE AMOR', 16, 2, 'UNIDAD', 2.00, 3.50, 3.50, '2024-04-06', 1),
	(100000549, 'VASO X 12  CASA DE GABY', 15, 2, 'UNIDAD', 2.00, 3.50, 3.50, '2024-04-06', 1),
	(100000550, 'VASO X 12  VACA LOLA', 12, 2, 'UNIDAD', 2.00, 3.50, 3.50, '2024-04-06', 1),
	(100000551, 'VASO X 12  BARBIE', 2, 2, 'UNIDAD', 2.00, 3.50, 3.50, '2024-04-06', 1),
	(100000552, 'VASO X 12  MASHA', 13, 2, 'UNIDAD', 2.00, 3.50, 3.50, '2024-04-06', 1),
	(100000553, 'VASO X 12  KUROMI', 10, 2, 'UNIDAD', 2.00, 3.50, 3.50, '2024-04-06', 1),
	(100000554, 'VASO X 12  CINAMORROL', 12, 2, 'UNIDAD', 2.00, 3.50, 3.50, '2024-04-06', 1),
	(100000555, 'VASO X 12  BELLA Y BESTIA', 8, 2, 'UNIDAD', 2.00, 3.50, 3.50, '2024-04-06', 1),
	(100000556, 'VASO X 12  PLIN PLINA', 12, 2, 'UNIDAD', 2.00, 3.50, 3.50, '2024-04-06', 1),
	(100000557, 'VASO X 12  MOANA BEBE', 8, 2, 'UNIDAD', 2.00, 3.50, 3.50, '2024-04-06', 1),
	(100000558, 'VASO X 12 SOY LUNA', 4, 2, 'UNIDAD', 2.00, 3.50, 3.50, '2024-04-06', 1),
	(100000559, 'VASO X 12 TIK TOK', 4, 2, 'UNIDAD', 2.00, 3.50, 3.50, '2024-04-06', 1),
	(100000582, 'VASO  X12 BOB ESPONJA', 14, 2, 'UNIDAD', 2.00, 3.50, 3.50, '2024-04-06', 1),
	(100000561, 'VASO X 12 BEBE LLORONES', 7, 2, 'UNIDAD', 2.00, 3.50, 3.50, '2024-04-06', 1),
	(100000562, 'VASO X 12 PEPPA  PIG', 24, 2, 'UNIDAD', 2.00, 3.50, 3.50, '2024-04-06', 1),
	(100000563, 'VASO X 12 SIRENA COLA', 18, 2, 'UNIDAD', 2.00, 3.50, 3.50, '2024-04-06', 1),
	(100000564, 'VASO X 12 UNICORNIO', 16, 2, 'UNIDAD', 2.00, 3.50, 3.50, '2024-04-06', 1),
	(100000565, 'VASO X 12 PEACH', 20, 2, 'UNIDAD', 2.00, 3.50, 3.50, '2024-04-06', 1),
	(100000566, 'VASO X 12 BLANCA NIEVES', 12, 2, 'UNIDAD', 2.00, 3.50, 3.50, '2024-04-06', 1),
	(100000567, 'VASO X 12 SIRENA', 10, 2, 'UNIDAD', 2.00, 3.50, 3.50, '2024-04-06', 1),
	(100000568, 'VASO X 12 SIRENA BEBE', 10, 2, 'UNIDAD', 2.00, 3.50, 3.50, '2024-04-06', 1),
	(100000569, 'VASO X 12 PRINCESAS', 5, 2, 'UNIDAD', 2.00, 3.50, 3.50, '2024-04-06', 1),
	(100000570, 'VASO X 12 ZENONA', 9, 2, 'UNIDAD', 2.00, 3.50, 3.50, '2024-04-06', 1),
	(100000571, 'VASO X 12 MINI ROSA', 12, 2, 'UNIDAD', 2.00, 3.50, 3.50, '2024-04-06', 1),
	(100000572, 'VASO X 12 MINI ROJA', 3, 2, 'UNIDAD', 2.00, 3.50, 3.50, '2024-04-06', 1),
	(100000573, 'VASO X 12 MINI ROBLOX NI&Ntilde;A', 10, 2, 'UNIDAD', 2.00, 3.50, 3.50, '2024-04-06', 1),
	(100000574, 'VASO X 12 MINI FROZEN', 5, 2, 'UNIDAD', 2.00, 3.50, 3.50, '2024-04-06', 1),
	(100000575, 'VASO X 12 ISABELA', 14, 2, 'UNIDAD', 2.00, 3.50, 3.50, '2024-04-06', 1),
	(100000576, 'VASO X 12 ALADIN JAZMIN', 5, 2, 'UNIDAD', 2.00, 3.50, 3.50, '2024-04-06', 1),
	(100000577, 'VASO X 12 MOANA', 3, 2, 'UNIDAD', 2.00, 3.50, 3.50, '2024-04-06', 1),
	(100000578, 'VASO X 12 BTS', 4, 2, 'UNIDAD', 2.00, 3.50, 3.50, '2024-04-06', 1),
	(100000579, 'VASO X 12 RAPUNZEL', 11, 2, 'UNIDAD', 2.00, 3.50, 3.50, '2024-04-06', 1),
	(100000580, 'VASO X 12 LOL', 12, 2, 'UNIDAD', 2.00, 3.50, 3.50, '2024-04-06', 1),
	(100000581, 'VASO X 12 SONIC NI&Ntilde;A', 11, 2, 'UNIDAD', 2.00, 3.50, 3.50, '2024-04-06', 1),
	(100000583, 'VASO  X12ARA&Ntilde;A', 4, 2, 'UNIDAD', 2.00, 3.50, 3.50, '2024-04-06', 1),
	(100000584, 'VASO  X12 SAFARI BEBE', 10, 2, 'UNIDAD', 2.00, 3.50, 3.50, '2024-04-06', 1),
	(100000585, 'VASO  X12 HUGGY WUGGI', 12, 2, 'UNIDAD', 2.00, 3.50, 3.50, '2024-04-06', 1),
	(100000586, 'VASO  X12 BEBE FIN', 12, 2, 'UNIDAD', 2.00, 3.50, 3.50, '2024-04-06', 1),
	(100000587, 'VASO  X12 ZOMBIES', 12, 2, 'UNIDAD', 2.00, 3.50, 3.50, '2024-04-06', 1),
	(100000588, 'VASO  X12 MINIOS', 3, 2, 'UNIDAD', 2.00, 3.50, 3.50, '2024-04-06', 1),
	(100000589, 'VASO  X12 POKEMON', 7, 2, 'UNIDAD', 2.00, 3.50, 3.50, '2024-04-06', 1),
	(100000590, 'VASO  X12 GALLINA PINTADITA', 9, 2, 'UNIDAD', 2.00, 3.50, 3.50, '2024-04-06', 1),
	(100000591, 'VASO  X12 BABY SHARK', 8, 2, 'UNIDAD', 2.00, 3.50, 3.50, '2024-04-06', 1),
	(100000592, 'VASO  X12 MIKE CRAF', 17, 2, 'UNIDAD', 2.00, 3.50, 3.50, '2024-04-06', 1),
	(100000593, 'VASO  X12 DINOSAURIO', 4, 2, 'UNIDAD', 2.00, 3.50, 3.50, '2024-04-06', 1),
	(100000594, 'VASO  X12 MESSI', 8, 2, 'UNIDAD', 2.00, 3.50, 3.50, '2024-04-06', 1),
	(100000595, 'VASO  X12 FUTBOL VERDE', 10, 2, 'UNIDAD', 2.00, 3.50, 3.50, '2024-04-06', 1),
	(100000596, 'VASO  X12 MICKEY BEBE', 1, 2, 'UNIDAD', 2.00, 3.50, 3.50, '2024-04-06', 1),
	(100000597, 'VASO  X12 MICKEY REY', 12, 2, 'UNIDAD', 2.00, 3.50, 3.50, '2024-04-06', 1),
	(100000598, 'VASO  X12 PIJAMA', 12, 2, 'UNIDAD', 2.00, 3.50, 3.50, '2024-04-06', 1),
	(100000599, 'VASO  X12 REY', 9, 2, 'UNIDAD', 2.00, 3.50, 3.50, '2024-04-06', 1),
	(100000600, 'VASO  X12 SONIC', 11, 2, 'UNIDAD', 2.00, 3.50, 3.50, '2024-04-06', 1),
	(100000601, 'VASO  X12 CARS', 5, 2, 'UNIDAD', 2.00, 3.50, 3.50, '2024-04-06', 1),
	(100000602, 'VASO  X12 GOKU', 18, 2, 'UNIDAD', 2.00, 3.50, 3.50, '2024-04-06', 1),
	(100000603, 'VASO  X12 FREE FIRE', 15, 2, 'UNIDAD', 2.00, 3.50, 3.50, '2024-04-06', 1),
	(100000604, 'VASO  X12 HOT WHELLS', 10, 2, 'UNIDAD', 2.00, 3.50, 3.50, '2024-04-06', 1),
	(100000605, 'VASO  X12 FOR NITE', 10, 2, 'UNIDAD', 2.00, 3.50, 3.50, '2024-04-06', 1),
	(100000606, 'VASO  X12 MARIO BROS', 16, 2, 'UNIDAD', 2.00, 3.50, 3.50, '2024-04-06', 1),
	(100000607, 'VASO  X12 DIGITAL CIRCUS', 12, 2, 'UNIDAD', 2.00, 3.50, 3.50, '2024-04-06', 1),
	(100000608, 'VASO  X12 FREDDY', 12, 2, 'UNIDAD', 2.00, 3.50, 3.50, '2024-04-06', 1),
	(100000609, 'VASO  X12 ZENON', 8, 2, 'UNIDAD', 2.00, 3.50, 3.50, '2024-04-06', 1),
	(100000610, 'VASO  X12 SKIBIDI', 16, 2, 'UNIDAD', 2.00, 3.50, 3.50, '2024-04-06', 1),
	(100000611, 'VASO  X12  AMONGUS', 5, 2, 'UNIDAD', 2.00, 3.50, 3.50, '2024-04-06', 1),
	(100000612, 'VASO  X12 MICKEY', 13, 2, 'UNIDAD', 2.00, 3.50, 3.50, '2024-04-06', 1),
	(100000613, 'VASO  X12 BLUEY', 12, 2, 'UNIDAD', 2.00, 3.50, 3.50, '2024-04-06', 1),
	(100000614, 'VASO  X12 PATROL', 9, 2, 'UNIDAD', 2.00, 3.50, 3.50, '2024-04-06', 1),
	(100000615, 'VASO  X12 TOY STORY', 6, 2, 'UNIDAD', 2.00, 3.50, 3.50, '2024-04-06', 1),
	(100000616, 'VASO  X12 MINE CRAF', 5, 2, 'UNIDAD', 2.00, 3.50, 3.50, '2024-04-06', 1),
	(100000617, 'CAJA TORTA  DINO BEBE', 9, 2, 'UNIDAD', 2.00, 3.50, 3.50, '2024-04-06', 1),
	(100000618, 'CAJA TORTA  AMONGUS', 7, 2, 'UNIDAD', 2.00, 3.50, 3.50, '2024-04-06', 1),
	(100000619, 'CAJA TORTA MICKEY', 22, 2, 'UNIDAD', 2.00, 3.50, 3.50, '2024-04-06', 1),
	(100000620, 'CAJA TORTA BABY SHOWER', 10, 2, 'UNIDAD', 2.00, 3.50, 3.50, '2024-04-06', 1),
	(100000621, 'CAJA TORTA PATROL', 10, 2, 'UNIDAD', 2.00, 3.50, 3.50, '2024-04-06', 1),
	(100000622, 'CAJA TORTA ZENON', 4, 2, 'UNIDAD', 2.00, 3.50, 3.50, '2024-04-06', 1),
	(100000623, 'CAJA TORTA HUGGY WUGGY', 15, 2, 'UNIDAD', 2.00, 3.50, 3.50, '2024-04-06', 1),
	(100000624, 'CAJA TORTA MARIO BROS', 9, 2, 'UNIDAD', 2.00, 3.50, 3.50, '2024-04-06', 1),
	(100000625, 'CAJA TORTA REY', 20, 2, 'UNIDAD', 2.00, 3.50, 3.50, '2024-04-06', 1),
	(100000626, 'CAJA TORTA VENGADORES ', 21, 2, 'UNIDAD', 2.00, 3.50, 3.50, '2024-04-06', 1),
	(100000627, 'CAJA TORTA SONIC', 14, 2, 'UNIDAD', 2.00, 3.50, 3.50, '2024-04-06', 1),
	(100000628, 'CAJA TORTA ASTRONAUTA', 13, 2, 'UNIDAD', 2.00, 3.50, 3.50, '2024-04-06', 1),
	(100000629, 'CAJA TORTA MIKE CRAF', 20, 2, 'UNIDAD', 2.00, 3.50, 3.50, '2024-04-06', 1),
	(100000630, 'CAJA TORTA MICKEY REY', 10, 2, 'UNIDAD', 2.00, 3.50, 3.50, '2024-04-06', 1),
	(100000631, 'CAJA TORTA BTS', 7, 2, 'UNIDAD', 2.00, 3.50, 3.50, '2024-04-06', 1),
	(100000632, 'CAJA TORTA  PIJAMAS', 18, 2, 'UNIDAD', 2.00, 3.50, 3.50, '2024-04-06', 1),
	(100000633, 'CAJA TORTA  BLUEY', 10, 2, 'UNIDAD', 2.00, 3.50, 3.50, '2024-04-06', 1),
	(100000634, 'CAJA TORTA  FUTBOL VERDE', 29, 2, 'UNIDAD', 2.00, 4.00, 3.50, '2024-04-06', 1),
	(100000635, 'CAJA TORTA  GOKU', 10, 2, 'UNIDAD', 2.00, 3.50, 3.50, '2024-04-06', 1),
	(100000636, 'CAJA TORTA  FOR NITE', 14, 2, 'UNIDAD', 2.00, 3.50, 3.50, '2024-04-06', 1),
	(100000637, 'CAJA TORTA  MINE CRAF', 10, 2, 'UNIDAD', 2.00, 3.50, 3.50, '2024-04-06', 1),
	(100000638, 'CAJA TORTA RAINBON FRIENDS', 11, 2, 'UNIDAD', 2.00, 3.50, 3.50, '2024-04-06', 1),
	(100000639, 'CAJA TORTA CARS', 8, 2, 'UNIDAD', 2.00, 4.00, 3.50, '2024-04-06', 1),
	(100000640, 'CAJA TORTA FREE FIRE', 14, 2, 'UNIDAD', 2.00, 3.50, 3.50, '2024-04-06', 1),
	(100000641, 'CAJA TORTA ZOMBIES', 7, 2, 'UNIDAD', 2.00, 3.50, 3.50, '2024-04-06', 1),
	(100000642, 'CAJA TORTA TOY STORY', 9, 2, 'UNIDAD', 2.00, 3.50, 3.50, '2024-04-06', 1),
	(100000643, 'CAJA TORTA MESSI', 9, 2, 'UNIDAD', 2.00, 4.00, 3.50, '2024-04-06', 1),
	(100000644, 'CAJA TORTA HOT WHELLS', 20, 2, 'UNIDAD', 2.00, 3.50, 3.50, '2024-04-06', 1),
	(100000645, 'CAJA TORTA ROBLOX', 2, 2, 'UNIDAD', 2.00, 3.50, 3.50, '2024-04-06', 1),
	(100000646, 'CAJA TORTA ARA&Ntilde;A', 13, 2, 'UNIDAD', 2.00, 3.50, 3.50, '2024-04-06', 1),
	(100000647, 'CAJA TORTA NARUTO', 13, 2, 'UNIDAD', 2.00, 3.50, 3.50, '2024-04-06', 1),
	(100000648, 'CAJA TORTA DINOSAURIO', 8, 2, 'UNIDAD', 2.00, 3.50, 3.50, '2024-04-06', 1),
	(100000649, 'CAJA TORTA POKEMON', 11, 2, 'UNIDAD', 2.00, 3.50, 3.50, '2024-04-06', 1),
	(100000650, 'CAJA TORTA SKIDIDI', 14, 2, 'UNIDAD', 2.00, 3.50, 3.50, '2024-04-06', 1),
	(100000651, 'CAJA TORTA FREDDY', 24, 2, 'UNIDAD', 2.00, 3.50, 3.50, '2024-04-06', 1),
	(100000652, 'CAJA TORTA DIGITAL CIRCUS', 14, 2, 'UNIDAD', 2.00, 3.50, 3.50, '2024-04-06', 1),
	(100000653, 'CAJA TORTA PLIN PLIN', 10, 2, 'UNIDAD', 2.00, 3.50, 3.50, '2024-04-06', 1),
	(100000654, 'CAJA TORTA BEBE FIN', 14, 2, 'UNIDAD', 2.00, 3.50, 3.50, '2024-04-06', 1),
	(100000655, 'CAJA TORTA BABY SHARK', 9, 2, 'UNIDAD', 2.00, 3.50, 3.50, '2024-04-06', 1),
	(100000656, 'CAJA TORTA POCOYO', 8, 2, 'UNIDAD', 2.00, 3.50, 3.50, '2024-04-06', 1),
	(100000657, 'CAJA TORTA BARCELONA', 8, 2, 'UNIDAD', 2.00, 3.50, 3.50, '2024-04-06', 1),
	(100000658, 'CAJA TORTA ANGRY BIRDS', 7, 2, 'UNIDAD', 2.00, 3.50, 3.50, '2024-04-06', 1),
	(100000659, 'CAJA TORTA MINIONS', 3, 2, 'UNIDAD', 2.00, 3.50, 3.50, '2024-04-06', 1),
	(100000660, 'CAJA TORTA PIRATA JAKE', 5, 2, 'UNIDAD', 2.00, 3.50, 3.50, '2024-04-06', 1),
	(100000661, 'CAJA TORTA SAFARI ', 6, 2, 'UNIDAD', 2.00, 3.50, 3.50, '2024-04-06', 1),
	(100000662, 'CAJA TORTA CINAMORROL', 14, 2, 'UNIDAD', 2.00, 3.50, 3.50, '2024-04-06', 1),
	(100000663, 'CAJA TORTA BLANCA NIEVES', 4, 2, 'UNIDAD', 2.00, 3.50, 3.50, '2024-04-06', 1),
	(100000664, 'CAJA TORTA PRINCESAS', 9, 2, 'UNIDAD', 2.00, 3.50, 3.50, '2024-04-06', 1),
	(100000665, 'CAJA TORTA MINI ROSADA', 14, 2, 'UNIDAD', 2.00, 3.50, 3.50, '2024-04-06', 1),
	(100000666, 'CAJA TORTA  BEBE LLORONES', 5, 2, 'UNIDAD', 2.00, 3.50, 3.50, '2024-04-06', 1),
	(100000667, 'CAJA TORTA SONIC NI&amp;Ntilde;A', 7, 2, 'UNIDAD', 2.00, 3.50, 3.50, '2024-04-06', 1),
	(100000668, 'CAJA TORTA ZENONA', 15, 2, 'UNIDAD', 2.00, 3.50, 3.50, '2024-04-06', 1),
	(100000669, 'CAJA TORTA MINI ROJA', 11, 2, 'UNIDAD', 2.00, 3.50, 3.50, '2024-04-06', 1),
	(100000670, 'CAJA TORTA BABY NI&Ntilde;A', 10, 2, 'UNIDAD', 2.00, 3.50, 3.50, '2024-04-06', 1),
	(100000671, 'CAJA TORTA SIRENA', 14, 2, 'UNIDAD', 2.00, 3.50, 3.50, '2024-04-06', 1),
	(100000672, 'CAJA TORTA POPIT', 1, 2, 'UNIDAD', 2.00, 3.50, 3.50, '2024-04-06', 1),
	(100000673, 'CAJA TORTA CASA DE GABY', 12, 2, 'UNIDAD', 2.00, 3.50, 3.50, '2024-04-06', 1),
	(100000674, 'CAJA TORTA ENCANTO', 16, 2, 'UNIDAD', 2.00, 3.50, 3.50, '2024-04-06', 1),
	(100000675, 'CAJA TORTA ISABEL', 18, 2, 'UNIDAD', 2.00, 3.50, 3.50, '2024-04-06', 1),
	(100000676, 'CAJA TORTA LADY BOG', 18, 2, 'UNIDAD', 2.00, 3.50, 3.50, '2024-04-06', 1),
	(100000677, 'CAJA TORTA UNICORNIO', 9, 2, 'UNIDAD', 2.00, 3.50, 3.50, '2024-04-06', 1),
	(100000678, 'CAJA TORTA SOFIA', 14, 2, 'UNIDAD', 2.00, 3.50, 3.50, '2024-04-06', 1),
	(100000679, 'CAJA TORTA TIK TOK', 12, 2, 'UNIDAD', 2.00, 3.50, 3.50, '2024-04-06', 1),
	(100000680, 'CAJA TORTA  FROZEN', 3, 2, 'UNIDAD', 2.00, 3.50, 3.50, '2024-04-06', 1),
	(100000681, 'CAJA TORTA  LOL', 17, 2, 'UNIDAD', 2.00, 3.50, 3.50, '2024-04-06', 1),
	(100000682, 'CAJA TORTA  SIRENA', 11, 2, 'UNIDAD', 2.00, 3.50, 3.50, '2024-04-06', 1),
	(100000683, 'CAJA TORTA  SONIC NI&Ntilde;A', 9, 2, 'UNIDAD', 2.00, 3.50, 3.50, '2024-04-06', 1),
	(100000684, 'CAJA TORTA  VACA LOLA', 10, 2, 'UNIDAD', 2.00, 3.50, 3.50, '2024-04-06', 1),
	(100000685, 'CAJA TORTA  SIRENA BEBE', 10, 2, 'UNIDAD', 2.00, 3.50, 3.50, '2024-04-06', 1),
	(100000686, 'CAJA TORTA  MASHA', 10, 2, 'UNIDAD', 2.00, 3.50, 3.50, '2024-04-06', 1),
	(100000687, 'CAJA TORTA  PEPPA PIG', 11, 2, 'UNIDAD', 2.00, 3.50, 3.50, '2024-04-06', 1),
	(100000688, 'CAJA TORTA MOANA', 7, 2, 'UNIDAD', 2.00, 3.50, 3.50, '2024-04-06', 1),
	(100000689, 'CAJA TORTA LULI PAMPIN', 4, 2, 'UNIDAD', 2.00, 3.50, 3.50, '2024-04-06', 1),
	(100000690, 'CAJA TORTA STICH', 10, 2, 'UNIDAD', 2.00, 3.50, 3.50, '2024-04-06', 1),
	(100000691, 'CAJA TORTA RAPUNZEL', 15, 2, 'UNIDAD', 2.00, 3.50, 3.50, '2024-04-06', 1),
	(100000692, 'CAJA TORTA SKAY', 10, 2, 'UNIDAD', 2.00, 3.50, 3.50, '2024-04-06', 1),
	(100000693, 'CAJA TORTA NUBE DE AMOR', 8, 2, 'UNIDAD', 2.00, 3.50, 3.50, '2024-04-06', 1),
	(100000694, 'CAJA TORTA PLIN PLINA', 10, 2, 'UNIDAD', 2.00, 3.50, 3.50, '2024-04-06', 1),
	(100000695, 'CAJA TORTA SOY LUNA', 10, 2, 'UNIDAD', 2.00, 3.50, 3.50, '2024-04-06', 1),
	(100000696, 'CAJA TORTA ROBLOX NI&Ntilde;A', 16, 2, 'UNIDAD', 2.00, 3.50, 3.50, '2024-04-06', 1),
	(100000697, 'CAJA TORTA GALLINA PINTADITA', 11, 2, 'UNIDAD', 2.00, 3.50, 3.50, '2024-04-06', 1),
	(100000698, 'CAJA TORTA MARIPOSAS', 9, 2, 'UNIDAD', 2.00, 3.50, 3.50, '2024-04-06', 1),
	(100000699, 'CAJA TORTA HELLO KITY', 12, 2, 'UNIDAD', 2.00, 3.50, 3.50, '2024-04-06', 1),
	(100000700, 'CAJA TORTA BARBIE', 13, 2, 'UNIDAD', 2.00, 3.50, 3.50, '2024-04-06', 1),
	(100000701, 'CAJA TORTA PEACH', 11, 2, 'UNIDAD', 2.00, 3.50, 3.50, '2024-04-06', 1),
	(100000702, 'CAJA TORTA KUROMI', 14, 2, 'UNIDAD', 2.00, 3.50, 3.50, '2024-04-06', 1),
	(100000703, 'CAJA TORTA GIRASOL', 9, 2, 'UNIDAD', 2.00, 3.50, 3.50, '2024-04-06', 1),
	(100000704, 'CAJA TORTA TINKERBELL', 13, 2, 'UNIDAD', 2.00, 3.50, 3.50, '2024-04-06', 1),
	(100000705, 'CAJA TORTA BELLA Y BESTIA', 10, 2, 'UNIDAD', 2.00, 3.50, 3.50, '2024-04-06', 1),
	(100000706, 'CAJA TORTA REYNA', 13, 2, 'UNIDAD', 2.00, 3.50, 3.50, '2024-04-06', 1),
	(100000707, 'CAJA TORTA MOANA BEBE', 10, 2, 'UNIDAD', 2.00, 3.50, 3.50, '2024-04-06', 1),
	(100000709, 'vaso x12  plin plin', 3, 2, 'UNIDAD', 2.00, 3.50, 3.50, '2024-04-09', 1),
	(100000710, 'MANTEL FORNITE', 1, 2, 'UNIDAD', 5.00, 8.00, 7.00, '2024-04-21', 1),
	(100000711, 'MANTEL WINIE POH', 1, 2, 'UNIDAD', 5.00, 8.00, 7.00, '2024-04-21', 1),
	(100000712, 'MANTEL PLIM PLIM', 1, 2, 'UNIDAD', 5.00, 8.00, 7.00, '2024-04-21', 1),
	(100000713, 'MANTEL MICKEY', 1, 2, 'UNIDAD', 5.00, 8.00, 7.00, '2024-04-21', 1),
	(100000714, 'MANTEL SONIC', 1, 2, 'UNIDAD', 5.00, 8.00, 7.00, '2024-04-21', 1),
	(100000715, 'MANTEL ZOMBIES', 1, 2, 'UNIDAD', 5.00, 8.00, 7.00, '2024-04-21', 1),
	(100000716, 'MANTEL NARUTO', 2, 2, 'UNIDAD', 5.00, 8.00, 7.00, '2024-04-21', 1),
	(100000717, 'MANTEL AMONGUS', 5, 2, 'UNIDAD', 5.00, 8.00, 7.00, '2024-04-21', 1),
	(100000718, 'MANTEL MIKECRAF', 2, 2, 'UNIDAD', 5.00, 8.00, 7.00, '2024-04-21', 1),
	(100000719, 'MANTEL GOKU', 1, 2, 'UNIDAD', 5.00, 8.00, 7.00, '2024-04-21', 1),
	(100000720, 'MANTEL VENGADORES', 1, 2, 'UNIDAD', 5.00, 8.00, 7.00, '2024-04-21', 1),
	(100000721, 'MANTEL CARS', 3, 2, 'UNIDAD', 5.00, 8.00, 7.00, '2024-04-21', 1),
	(100000722, 'MANTEL POCOYO', 4, 2, 'UNIDAD', 5.00, 8.00, 7.00, '2024-04-21', 1),
	(100000723, 'MANTEL ARA&Ntilde;A', 2, 2, 'UNIDAD', 5.00, 8.00, 7.00, '2024-04-21', 1),
	(100000724, 'MANTEL PIJAMAS', 1, 2, 'UNIDAD', 5.00, 8.00, 7.00, '2024-04-21', 1),
	(100000725, 'MANTEL BOB ESPONJA', 5, 2, 'UNIDAD', 5.00, 8.00, 7.00, '2024-04-21', 1),
	(100000726, 'MANTEL SKIBIDI ', 3, 2, 'UNIDAD', 5.00, 8.00, 7.00, '2024-04-21', 1),
	(100000727, 'MANTEL PATROL', 4, 2, 'UNIDAD', 5.00, 8.00, 7.00, '2024-04-21', 1),
	(100000728, 'MANTEL MICKEY GOLD', 1, 2, 'UNIDAD', 5.00, 8.00, 7.00, '2024-04-21', 1),
	(100000729, 'MANTEL DINOSAURIO', 2, 2, 'UNIDAD', 5.00, 8.00, 7.00, '2024-04-21', 1),
	(100000730, 'MANTEL REY', 2, 2, 'UNIDAD', 5.00, 8.00, 7.00, '2024-04-21', 1),
	(100000731, 'MANTEL POKEMON', 4, 2, 'UNIDAD', 5.00, 8.00, 7.00, '2024-04-21', 1),
	(100000732, 'MANTEL KUROMI', 2, 2, 'UNIDAD', 5.00, 8.00, 7.00, '2024-04-21', 1),
	(100000733, 'MANTEL HELLO  KITY', 5, 2, 'UNIDAD', 5.00, 8.00, 7.00, '2024-04-21', 1),
	(100000734, 'MANTEL SIRENA', 1, 2, 'UNIDAD', 5.00, 8.00, 7.00, '2024-04-21', 1),
	(100000735, 'MANTEL LADY BOG', 3, 2, 'UNIDAD', 5.00, 8.00, 7.00, '2024-04-21', 1),
	(100000736, 'MANTEL TIK TOK', 1, 2, 'UNIDAD', 5.00, 8.00, 7.00, '2024-04-21', 1),
	(100000737, 'MANTEL MERLINA', 3, 2, 'UNIDAD', 5.00, 8.00, 7.00, '2024-04-21', 1),
	(100000738, 'MANTEL MINI GOLD', 1, 2, 'UNIDAD', 5.00, 8.00, 7.00, '2024-04-21', 1),
	(100000739, 'MANTEL VACA LOLA', 1, 2, 'UNIDAD', 5.00, 8.00, 7.00, '2024-04-21', 1),
	(100000740, 'MANTEL SIRENA COLA', 2, 2, 'UNIDAD', 5.00, 8.00, 7.00, '2024-04-21', 1),
	(100000741, 'MANTEL FROZEN', 3, 2, 'UNIDAD', 5.00, 8.00, 7.00, '2024-04-21', 1),
	(100000742, 'MANTEL SOFIA', 3, 2, 'UNIDAD', 5.00, 8.00, 7.00, '2024-04-21', 1),
	(100000743, 'MANTEL GALLINA PINTADITA', 4, 2, 'UNIDAD', 5.00, 8.00, 7.00, '2024-04-21', 1),
	(100000744, 'MANTEL  BARBIE', 3, 2, 'UNIDAD', 5.00, 8.00, 7.00, '2024-04-21', 1),
	(100000745, 'MANTEL  PEPPA', 1, 2, 'UNIDAD', 5.00, 8.00, 7.00, '2024-04-21', 1),
	(100000746, 'MANTEL  PEACH', 5, 2, 'UNIDAD', 5.00, 8.00, 7.00, '2024-04-21', 1),
	(100000747, 'MANTEL  SKAY', 2, 2, 'UNIDAD', 5.00, 8.00, 7.00, '2024-04-21', 1),
	(100000748, 'MANTEL  UNICORNIO', 1, 2, 'UNIDAD', 5.00, 8.00, 7.00, '2024-04-21', 1),
	(100000749, 'MANTEL  MINI ROSA', 5, 2, 'UNIDAD', 5.00, 8.00, 7.00, '2024-04-21', 1),
	(100000750, 'MANTEL  MINI BEBE', 1, 2, 'UNIDAD', 5.00, 8.00, 7.00, '2024-04-21', 1),
	(100000751, 'MANTEL  BEBE LLORONES', 1, 2, 'UNIDAD', 5.00, 8.00, 7.00, '2024-04-21', 1),
	(100000752, 'MANTEL  LOL', 2, 2, 'UNIDAD', 5.00, 8.00, 7.00, '2024-04-21', 1),
	(100000753, 'MANTEL BABY SHOWER NI&Ntilde;A', 2, 2, 'UNIDAD', 5.00, 8.00, 7.00, '2024-04-21', 1),
	(100000754, 'BOLSA DULCERA SIRENA', 14, 2, 'UNIDAD', 2.00, 3.50, 3.50, '2024-04-21', 1),
	(100000755, 'BOLSA DULCERA SKAY', 19, 2, 'UNIDAD', 2.00, 3.50, 3.50, '2024-04-21', 1),
	(100000756, 'BOLSA DULCERA PRINCESAS', 19, 2, 'UNIDAD', 2.00, 3.50, 3.50, '2024-04-21', 1),
	(100000757, 'BOLSA DULCERA  SIRENA COLA', 20, 2, 'UNIDAD', 2.00, 3.50, 3.50, '2024-04-21', 1),
	(100000758, 'BOLSA DULCERA  BARBIE', 18, 2, 'UNIDAD', 2.00, 3.50, 3.50, '2024-04-21', 1),
	(100000759, 'BOLSA DULCERA  MINI ROSA', 23, 2, 'UNIDAD', 2.00, 3.50, 3.50, '2024-04-21', 1),
	(100000760, 'BOLSA DULCERA  PEACH', 10, 2, 'UNIDAD', 2.00, 3.50, 3.50, '2024-04-21', 1),
	(100000761, 'BOLSA DULCERA  GALLINA PINTADITA', 2, 2, 'UNIDAD', 2.00, 3.50, 3.50, '2024-04-21', 1),
	(100000762, 'BOLSA DULCERA  BEBE LLORONES', 1, 2, 'UNIDAD', 2.00, 3.50, 3.50, '2024-04-21', 1),
	(100000763, 'BOLSA DULCERA  PEPPA PIG', 14, 2, 'UNIDAD', 2.00, 3.50, 3.50, '2024-04-21', 1),
	(100000764, 'BOLSA DULCERA  MOSTER HIGH', 5, 2, 'UNIDAD', 2.00, 3.50, 3.50, '2024-04-21', 1),
	(100000765, 'BOLSA DULCERA  MASHA', 13, 2, 'UNIDAD', 2.00, 3.50, 3.50, '2024-04-21', 1),
	(100000766, 'BOLSA DULCERA  LADY BOG', 13, 2, 'UNIDAD', 2.00, 3.50, 3.50, '2024-04-21', 1),
	(100000767, 'BOLSA DULCERA ENCANTO', 6, 2, 'UNIDAD', 2.00, 3.50, 3.50, '2024-04-21', 1),
	(100000768, 'BOLSA DULCERA ISABELA', 1, 2, 'UNIDAD', 2.00, 3.50, 3.50, '2024-04-21', 1),
	(100000769, 'BOLSA DULCERA MINI ROJA', 12, 2, 'UNIDAD', 2.00, 3.50, 3.50, '2024-04-21', 1),
	(100000770, 'BOLSA DULCERA SOFIA', 12, 2, 'UNIDAD', 2.00, 3.50, 3.50, '2024-04-21', 1),
	(100000771, 'BOLSA DULCERA  VACA LOLA', 18, 2, 'UNIDAD', 2.00, 3.50, 3.50, '2024-04-21', 1),
	(100000772, 'BOLSA DULCERA  HELLO KITY', 13, 2, 'UNIDAD', 2.00, 3.50, 3.50, '2024-04-21', 1),
	(100000773, 'BOLSA DULCERA  MOANA', 8, 2, 'UNIDAD', 2.00, 3.50, 3.50, '2024-04-21', 1),
	(100000774, 'BOLSA DULCERA  LOL', 6, 2, 'UNIDAD', 2.00, 3.50, 3.50, '2024-04-21', 1),
	(100000775, 'BOLSA DULCERA  CASA DE GABY', 15, 2, 'UNIDAD', 2.00, 3.50, 3.50, '2024-04-21', 1),
	(100000776, 'BOLSA DULCERA  PLIMPLINA', 18, 2, 'UNIDAD', 2.00, 3.50, 3.50, '2024-04-21', 1),
	(100000777, 'BOLSA DULCERA  FROZEN', 7, 2, 'UNIDAD', 2.00, 3.50, 3.50, '2024-04-21', 1),
	(100000778, 'BOLSA DULCERA MERLINA', 12, 2, 'UNIDAD', 2.00, 3.50, 3.50, '2024-04-21', 1),
	(100000779, 'BOLSA DULCERA KUROMI', 19, 2, 'UNIDAD', 2.00, 3.50, 3.50, '2024-04-21', 1),
	(100000780, 'BOLSA DULCERA MINI GOLD', 10, 2, 'UNIDAD', 2.00, 3.50, 3.50, '2024-04-21', 1),
	(100000781, 'BOLSA DULCERA MINI BEBE', 5, 2, 'UNIDAD', 2.00, 3.50, 3.50, '2024-04-21', 1),
	(100000782, 'BOLSA DULCERA SOY LUNA', 12, 2, 'UNIDAD', 2.00, 3.50, 3.50, '2024-04-21', 1),
	(100000783, 'BOLSA DULCERA UNICORNIO', 11, 2, 'UNIDAD', 2.00, 3.50, 3.50, '2024-04-21', 1),
	(100000784, 'BOLSA DULCERA FORNITE', 6, 2, 'UNIDAD', 2.00, 3.50, 3.50, '2024-04-21', 1),
	(100000785, 'BOLSA DULCERA  AMONGUS', 8, 2, 'UNIDAD', 2.00, 3.50, 3.50, '2024-04-21', 1),
	(100000786, 'BOLSA DULCERA  ARA&Ntilde;A', 14, 2, 'UNIDAD', 2.00, 3.50, 3.50, '2024-04-21', 1),
	(100000787, 'BOLSA DULCERA HUGGY BUGGY', 10, 2, 'UNIDAD', 2.00, 3.50, 3.50, '2024-04-21', 1),
	(100000788, 'BOLSA DULCERA POCOYO', 5, 2, 'UNIDAD', 2.00, 3.50, 3.50, '2024-04-21', 1),
	(100000789, 'BOLSA DULCERA ZOMBIES', 11, 2, 'UNIDAD', 2.00, 3.50, 3.50, '2024-04-21', 1),
	(100000790, 'BOLSA DULCERA   FREE FIRE', 10, 2, 'UNIDAD', 2.00, 3.50, 3.50, '2024-04-21', 1),
	(100000791, 'BOLSA DULCE  MICKEY', 4, 2, 'UNIDAD', 2.00, 3.50, 3.50, '2024-04-21', 1),
	(100000792, 'BOLSA DULCERA  PIJAMAS', 6, 2, 'UNIDAD', 2.00, 3.50, 3.50, '2024-04-21', 1),
	(100000793, 'BOLSA DULCERA  MINIONS', 17, 2, 'UNIDAD', 2.00, 3.50, 3.50, '2024-04-21', 1),
	(100000794, 'BOLSA DULCERA SAFARI', 13, 2, 'UNIDAD', 2.00, 3.50, 3.50, '2024-04-21', 1),
	(100000795, 'BOLSA DULCERA PLIM PLIM', 17, 2, 'UNIDAD', 2.00, 3.50, 3.50, '2024-04-21', 1),
	(100000796, 'BOLSA DULCERA CARS', 5, 2, 'UNIDAD', 2.00, 3.50, 3.50, '2024-04-21', 1),
	(100000797, 'BOLSA DULCERA PATROL', 15, 2, 'UNIDAD', 2.00, 3.50, 3.50, '2024-04-21', 1),
	(100000798, 'BOLSA DULCERA BLUEY', 15, 2, 'UNIDAD', 2.00, 3.50, 3.50, '2024-04-21', 1),
	(100000799, 'BOLSA DULCERA  ZENON', 14, 2, 'UNIDAD', 2.00, 3.50, 3.50, '2024-04-21', 1),
	(100000800, 'BOLSA DULCERA  NARUTO', 9, 2, 'UNIDAD', 2.00, 3.50, 3.50, '2024-04-21', 1),
	(100000801, 'BOLSA DULCERA  SKIBIDI', 16, 2, 'UNIDAD', 2.00, 3.50, 3.50, '2024-04-21', 1),
	(100000802, 'BOLSA DULCERA  MESSI', 6, 2, 'UNIDAD', 2.00, 3.50, 3.50, '2024-04-21', 1),
	(100000803, 'BOLSA DULCERA  MINECRAF', 8, 2, 'UNIDAD', 2.00, 3.50, 3.50, '2024-04-21', 1),
	(100000804, 'BOLSA DULCERA  SONIC', 10, 2, 'UNIDAD', 2.00, 3.50, 3.50, '2024-04-21', 1),
	(100000805, 'BOLSA DULCERA  DINOSAURIO', 8, 2, 'UNIDAD', 2.00, 3.50, 3.50, '2024-04-21', 1),
	(100000806, 'BOLSA DULCERA  MIKE CRAF', 2, 2, 'UNIDAD', 2.00, 3.50, 3.50, '2024-04-21', 1),
	(100000807, 'BOLSA DULCERA  MARIO BROS', 22, 2, 'UNIDAD', 2.00, 3.50, 3.50, '2024-04-21', 1),
	(100000808, 'BOLSA DULCERA MICKEY BEBE', 8, 2, 'UNIDAD', 2.00, 3.50, 3.50, '2024-04-21', 1),
	(100000809, 'BOLSA DULCERA MICKEY GOLD', 3, 2, 'UNIDAD', 2.00, 3.50, 3.50, '2024-04-21', 1),
	(100000810, 'BOLSA DULCERA REY', 8, 2, 'UNIDAD', 2.00, 3.50, 3.50, '2024-04-21', 1),
	(100000811, 'VELA CORONA ROSADA', 47, 10, 'UNIDAD', 2.50, 5.00, 4.50, '2024-04-21', 1),
	(100000812, 'VELA CORONA AZUL', 83, 10, 'UNIDAD', 2.50, 5.00, 4.50, '2024-04-21', 1),
	(100000813, 'VELA CORONA  DORADO', 37, 10, 'UNIDAD', 2.50, 5.00, 4.50, '2024-04-21', 1),
	(100000814, 'VELA CORONA  PLATEADO', 47, 10, 'UNIDAD', 2.50, 5.00, 4.50, '2024-04-21', 1),
	(100000815, 'VELA ESCARCHA PLATA', 71, 10, 'UNIDAD', 1.50, 3.00, 2.50, '2024-04-21', 1),
	(100000816, 'VELA  PERSONAJE TOPER', 41, 10, 'UNIDAD', 5.00, 6.00, 6.00, '2024-04-21', 1),
	(100000817, 'VELA ESCARCHA  AZUL', 58, 10, 'UNIDAD', 1.50, 3.00, 2.50, '2024-04-21', 1),
	(100000818, 'BOLSA DULCERA TOY STORY', 16, 2, 'UNIDAD', 2.00, 3.50, 3.50, '2024-04-21', 1),
	(100000819, 'BOLSA DULCERA AMARILLO', 12, 2, 'UNIDAD', 2.00, 3.50, 3.50, '2024-04-21', 1),
	(100000820, 'BOLSA DULCERA NEGRO', 10, 2, 'UNIDAD', 2.00, 3.50, 3.50, '2024-04-21', 1),
	(100000821, 'BOLSA DULCERA  AJEDREZ', 20, 2, 'UNIDAD', 2.00, 3.50, 3.50, '2024-04-21', 1),
	(100000822, 'BOLSA DULCERA  ROSADO', 9, 2, 'UNIDAD', 2.00, 3.50, 3.50, '2024-04-21', 1),
	(100000823, 'BOLSA DULCERA AZUL', 8, 2, 'UNIDAD', 2.00, 3.50, 3.50, '2024-04-21', 1),
	(100000824, 'BOLSA DULCERA VERDE CLARO', 6, 2, 'UNIDAD', 2.00, 3.50, 3.50, '2024-04-21', 1),
	(100000825, 'BOLSA DULCERA  VERDE OSCURO', 10, 2, 'UNIDAD', 2.00, 3.50, 3.50, '2024-04-21', 1),
	(100000826, 'BOLSA DULCERA  FUCSIA', 12, 2, 'UNIDAD', 2.00, 3.50, 3.50, '2024-04-21', 1),
	(100000827, 'BOLSA DULCERA  ANARANJADO', 11, 2, 'UNIDAD', 2.00, 3.50, 3.50, '2024-04-21', 1),
	(100000828, 'BOLSA DULCERA  LILA', 11, 2, 'UNIDAD', 2.00, 3.50, 3.50, '2024-04-21', 1),
	(100000829, 'BOLSA DULCERA  CELESTE', 11, 2, 'UNIDAD', 2.00, 3.50, 3.50, '2024-04-21', 1),
	(100000830, 'BOLSA DULCERA  PLATA', 5, 2, 'UNIDAD', 2.00, 3.50, 3.50, '2024-04-21', 1),
	(100000831, 'BOLSA DULCERA  ROJO', 6, 2, 'UNIDAD', 2.00, 3.50, 3.50, '2024-04-21', 1),
	(100000832, 'CONO CELOFAN  SONIC', 12, 2, 'UNIDAD', 2.00, 4.00, 4.00, '2024-04-21', 1),
	(100000833, 'CONO CELOFAN   REY', 1, 2, 'UNIDAD', 2.00, 4.00, 4.00, '2024-04-21', 1),
	(100000834, 'CONO CELOFAN   BOB ESPONJA', 23, 2, 'UNIDAD', 2.00, 4.00, 4.00, '2024-04-21', 1),
	(100000835, 'CONO CELOFAN   ROBLOX', 8, 2, 'UNIDAD', 2.00, 4.00, 4.00, '2024-04-21', 1),
	(100000836, 'CONO CELOFAN   BABY SHARK', 6, 2, 'UNIDAD', 2.00, 4.00, 4.00, '2024-04-21', 1),
	(100000837, 'CONO CELOFAN   MICKEY', 7, 2, 'UNIDAD', 2.00, 4.00, 4.00, '2024-04-21', 1),
	(100000838, 'CONO CELOFAN   MARIO BROSS', 20, 2, 'UNIDAD', 2.00, 4.00, 4.00, '2024-04-21', 1),
	(100000839, 'CONO CELOFAN   BLUEY', 10, 2, 'UNIDAD', 2.00, 4.00, 4.00, '2024-04-21', 1),
	(100000840, 'CONO CELOFAN    PATROL', 25, 2, 'UNIDAD', 2.00, 4.00, 4.00, '2024-04-21', 1),
	(100000841, 'CONO CELOFAN    SKIBIDI', 14, 2, 'UNIDAD', 2.00, 4.00, 4.00, '2024-04-21', 1),
	(100000842, 'CONO CELOFAN   AMONGUS', 10, 2, 'UNIDAD', 2.00, 4.00, 4.00, '2024-04-21', 1),
	(100000843, 'CONO CELOFAN   DINO  BEBE', 15, 2, 'UNIDAD', 2.00, 4.00, 4.00, '2024-04-21', 1),
	(100000844, 'CONO CELOFAN   ZENON', 11, 2, 'UNIDAD', 2.00, 4.00, 4.00, '2024-04-21', 1),
	(100000845, 'CONO CELOFAN  DINOSAURIO', 2, 2, 'UNIDAD', 2.00, 4.00, 4.00, '2024-04-21', 1),
	(100000846, 'CONO CELOFAN  ZOMBIES', 2, 2, 'UNIDAD', 2.00, 4.00, 4.00, '2024-04-21', 1),
	(100000847, 'CONO CELOFAN  POKEMON', 14, 2, 'UNIDAD', 2.00, 4.00, 4.00, '2024-04-21', 1),
	(100000848, 'CONO CELOFAN  TOY STORY', 10, 2, 'UNIDAD', 2.00, 4.00, 4.00, '2024-04-21', 1),
	(100000849, 'CONO CELOFAN  ARA&Ntilde;A', 15, 2, 'UNIDAD', 2.00, 4.00, 4.00, '2024-04-21', 1),
	(100000850, 'CONO CELOFAN POCOYO', 5, 2, 'UNIDAD', 2.00, 4.00, 4.00, '2024-04-21', 1),
	(100000851, 'CONO CELOFAN SAFARI', 11, 2, 'UNIDAD', 2.00, 4.00, 4.00, '2024-04-21', 1),
	(100000852, 'CONO CELOFAN FREE FIRE', 10, 2, 'UNIDAD', 2.00, 4.00, 4.00, '2024-04-21', 1),
	(100000853, 'CONO CELOFAN PLIM PLIM', 20, 2, 'UNIDAD', 2.00, 4.00, 4.00, '2024-04-21', 1),
	(100000854, 'CONO CELOFAN GOKU', 9, 2, 'UNIDAD', 2.00, 4.00, 4.00, '2024-04-21', 1),
	(100000855, 'CONO CELOFAN PIJAMAS', 10, 2, 'UNIDAD', 2.00, 4.00, 4.00, '2024-04-21', 1),
	(100000856, 'CONO CELOFAN MINECRAF', 20, 2, 'UNIDAD', 2.00, 4.00, 4.00, '2024-04-21', 1),
	(100000857, 'CONO CELOFAN HOT WELLS', 13, 2, 'UNIDAD', 2.00, 4.00, 4.00, '2024-04-21', 1),
	(100000858, 'CONO CELOFAN VENGADORES', 16, 1, 'UNIDAD', 2.00, 4.00, 4.00, '2024-04-21', 1),
	(100000859, 'VELA SURTIDA NUMERO', 66, 1, 'UNIDAD', 2.00, 3.00, 3.00, '2024-04-21', 1),
	(100000860, 'CONO CELOFAN PLIM PLINA', 15, 2, 'UNIDAD', 25.00, 4.00, 4.00, '2024-04-21', 1),
	(100000861, 'CONO CELOFAN  PEPPA PIG', 20, 2, 'UNIDAD', 25.00, 4.00, 4.00, '2024-04-21', 1),
	(100000862, 'CONO CELOFAN  LADY BOG', 15, 2, 'UNIDAD', 25.00, 4.00, 4.00, '2024-04-21', 1),
	(100000863, 'CONO CELOFAN  MINI ROJA', 21, 2, 'UNIDAD', 25.00, 4.00, 4.00, '2024-04-21', 1),
	(100000864, 'CONO CELOFAN  COLA SIRENA', 6, 2, 'UNIDAD', 25.00, 4.00, 4.00, '2024-04-21', 1),
	(100000865, 'CONO CELOFAN  FROZEN', 4, 2, 'UNIDAD', 25.00, 4.00, 4.00, '2024-04-21', 1),
	(100000866, 'CONO CELOFAN  PEACH', 18, 2, 'UNIDAD', 25.00, 4.00, 4.00, '2024-04-21', 1),
	(100000867, 'CONO CELOFAN   SONIC NI&Ntilde;A', 10, 2, 'UNIDAD', 25.00, 4.00, 4.00, '2024-04-21', 1),
	(100000868, 'CONO CELOFAN   SKAY', 22, 2, 'UNIDAD', 25.00, 4.00, 4.00, '2024-04-21', 1),
	(100000869, 'CONO CELOFAN   PRINCESAS', 15, 2, 'UNIDAD', 25.00, 4.00, 4.00, '2024-04-21', 1),
	(100000870, 'CONO CELOFAN   REYNA', 15, 2, 'UNIDAD', 25.00, 4.00, 4.00, '2024-04-21', 1),
	(100000871, 'CONO CELOFAN  BARBIE', 6, 2, 'UNIDAD', 25.00, 4.00, 4.00, '2024-04-21', 1),
	(100000872, 'CONO CELOFAN  SOFIA', 12, 2, 'UNIDAD', 25.00, 4.00, 4.00, '2024-04-21', 1),
	(100000873, 'CONO CELOFAN  UNICORNIO', 14, 2, 'UNIDAD', 25.00, 4.00, 4.00, '2024-04-21', 1),
	(100000874, 'CONO CELOFAN  ENCANTO', 10, 2, 'UNIDAD', 25.00, 4.00, 4.00, '2024-04-21', 1),
	(100000875, 'CONO CELOFAN  SIRENA', 11, 2, 'UNIDAD', 25.00, 4.00, 4.00, '2024-04-21', 1),
	(100000876, 'CONO CELOFAN  VACA LOLA', 4, 2, 'UNIDAD', 25.00, 4.00, 4.00, '2024-04-21', 1),
	(100000877, 'CONO CELOFAN  MINI ROSADA', 11, 2, 'UNIDAD', 25.00, 4.00, 4.00, '2024-04-21', 1),
	(100000878, 'CONO CELOFAN   LOL', 21, 2, 'UNIDAD', 25.00, 4.00, 4.00, '2024-04-21', 1),
	(100000879, 'CONO CELOFAN  MERLINA', 8, 2, 'UNIDAD', 25.00, 4.00, 4.00, '2024-04-21', 1),
	(100000880, 'CONO CELOFAN  KUROMI', 11, 2, 'UNIDAD', 25.00, 4.00, 4.00, '2024-04-21', 1),
	(100000881, 'CONO CELOFAN MASHA', 10, 2, 'UNIDAD', 25.00, 4.00, 4.00, '2024-04-21', 1),
	(100000882, 'CONO CELOFAN TIK TOK', 11, 2, 'UNIDAD', 25.00, 4.00, 4.00, '2024-04-21', 1),
	(100000883, 'CONO CELOFAN VERDE CLARO', 8, 2, 'UNIDAD', 25.00, 4.00, 4.00, '2024-04-21', 1),
	(100000884, 'CONO CELOFAN AMARILLO', 11, 2, 'UNIDAD', 25.00, 4.00, 4.00, '2024-04-21', 1),
	(100000885, 'CONO CELOFAN AZUL', 21, 2, 'UNIDAD', 25.00, 4.00, 4.00, '2024-04-21', 1),
	(100000886, 'CONO CELOFAN FUCSIA', 4, 2, 'UNIDAD', 25.00, 4.00, 4.00, '2024-04-21', 1),
	(100000887, 'CONO CELOFAN VERDE OSCURO', 6, 2, 'UNIDAD', 25.00, 4.00, 4.00, '2024-04-21', 1),
	(100000888, 'CONO CELOFAN ROSADO', 12, 2, 'UNIDAD', 25.00, 4.00, 4.00, '2024-04-21', 1),
	(100000889, 'CONO CELOFAN LILA', 15, 2, 'UNIDAD', 25.00, 4.00, 4.00, '2024-04-21', 1),
	(100000890, 'CONO CELOFAN ROJO', 12, 2, 'UNIDAD', 25.00, 4.00, 4.00, '2024-04-21', 1),
	(100000891, 'CONO CELOFAN ANARANJADO', 4, 2, 'UNIDAD', 25.00, 4.00, 4.00, '2024-04-21', 1),
	(100000892, 'CONO CELOFAN VERDE JADE', 0, 2, 'UNIDAD', 25.00, 4.00, 4.00, '2024-04-21', 1),
	(100000893, 'CORTINA LISA NUDE', 62, 5, 'UNIDAD', 2.00, 3.50, 3.50, '2024-04-21', 1),
	(100000894, 'CORTINA LISA NEGRA', 42, 5, 'UNIDAD', 2.00, 3.50, 3.50, '2024-04-21', 1),
	(100000895, 'CORTINA LISA ROJO', 64, 5, 'UNIDAD', 2.00, 3.50, 3.50, '2024-04-21', 1),
	(100000896, 'CORTINA LISA DORADO', 43, 5, 'UNIDAD', 2.00, 3.50, 3.50, '2024-04-21', 1),
	(100000897, 'CORTINA LISA FUCSIA', 23, 5, 'UNIDAD', 2.00, 3.50, 3.50, '2024-04-21', 1),
	(100000898, 'CORTINA LISA AZUL', 42, 5, 'UNIDAD', 2.00, 3.50, 3.50, '2024-04-21', 1),
	(100000899, 'CORTINA LISA CELESTE', 29, 5, 'UNIDAD', 2.00, 3.50, 3.50, '2024-04-21', 1),
	(100000900, 'CORTINA LISA PLATEADO', 53, 5, 'UNIDAD', 2.00, 3.50, 3.50, '2024-04-21', 1),
	(100000901, 'CORTINA LISA ROSADO', 50, 5, 'UNIDAD', 2.00, 3.50, 3.50, '2024-04-21', 1),
	(100000902, 'CORTINA  CROMADA CELESTE', 17, 5, 'UNIDAD', 3.00, 5.00, 5.00, '2024-04-21', 1),
	(100000903, 'CORTINA  CROMADA NUDE', 14, 5, 'UNIDAD', 3.00, 5.00, 5.00, '2024-04-21', 1),
	(100000904, 'CORTINA  CROMADA ROSADO', 21, 5, 'UNIDAD', 3.00, 5.00, 5.00, '2024-04-21', 1),
	(100000905, 'CORTINA  CROMADA DORADO', 32, 5, 'UNIDAD', 3.00, 5.00, 5.00, '2024-04-21', 1),
	(100000906, 'CORTINA   TORNASOL', 14, 5, 'UNIDAD', 5.00, 8.00, 8.00, '2024-04-21', 1),
	(100000907, 'CORTINA   PASTEL BLANCA', 25, 5, 'UNIDAD', 3.00, 5.00, 5.00, '2024-04-21', 1),
	(100000908, 'CORTINA PASTEL  NARANJA', 23, 5, 'UNIDAD', 3.00, 5.00, 5.00, '2024-04-21', 1),
	(100000909, 'CORTINA  PASTEL AMARILLO', 17, 5, 'UNIDAD', 3.00, 5.00, 5.00, '2024-04-21', 1),
	(100000910, 'CORTINA  CELESTE', 19, 5, 'UNIDAD', 3.00, 5.00, 5.00, '2024-04-21', 1),
	(100000911, 'CORTINA  PASTEL VERDE', 10, 5, 'UNIDAD', 3.00, 5.00, 5.00, '2024-04-21', 1),
	(100000912, 'CORTINA PASTEL  ROSADO', 9, 5, 'UNIDAD', 3.00, 5.00, 5.00, '2024-04-21', 1),
	(100000913, 'CORTINA  LISA ARCOIRIS PASTEL', 21, 5, 'UNIDAD', 3.00, 5.00, 5.00, '2024-04-21', 1),
	(100000914, 'CORTINA  LISA ARCOIRIS  FUERTE', 11, 5, 'UNIDAD', 3.00, 5.00, 5.00, '2024-04-21', 1),
	(100000915, 'CORTINA  LISA ARCOIRIS  METALICO', 63, 5, 'UNIDAD', 3.00, 5.00, 5.00, '2024-04-21', 1),
	(100000916, 'CORTINA  LISA  DISE&Ntilde;O VARIADO', 20, 5, 'UNIDAD', 3.00, 5.00, 5.00, '2024-04-21', 1),
	(100000917, 'CORTINA  LISA  DISE&Ntilde;O ESTRELLAS ', 7, 5, 'UNIDAD', 3.00, 5.00, 5.00, '2024-04-21', 1),
	(100000918, 'VELA  TOPER  OFERTA   5 SOLES', 36, 5, 'UNIDAD', 3.00, 5.00, 5.00, '2024-04-21', 1),
	(100000919, 'VELA ESTRELLA X3', 14, 2, 'UNIDAD', 3.00, 5.00, 5.00, '2024-04-21', 1),
	(100000920, 'VELA CORAZON   X3', 10, 2, 'UNIDAD', 3.00, 5.00, 5.00, '2024-04-21', 1),
	(100000921, 'TOPER FELIZ CUMPLE', 20, 2, 'UNIDAD', 3.00, 6.00, 6.00, '2024-04-21', 1),
	(100000922, 'VELA LUCES', 4, 2, 'UNIDAD', 5.00, 10.00, 9.00, '2024-04-21', 1),
	(100000923, 'VELA 15 A&Ntilde;OS / TOPER', 8, 2, 'UNIDAD', 4.00, 6.00, 6.00, '2024-04-21', 1),
	(100000924, 'VELA MAGICA', 11, 2, 'UNIDAD', 2.00, 3.50, 3.50, '2024-04-21', 1),
	(100000925, 'VELA FELIZ CUMPLE', 12, 2, 'UNIDAD', 4.00, 6.00, 6.00, '2024-04-21', 1),
	(100000926, 'CORTINA CROMADO PLATA', 7, 2, 'UNIDAD', 3.00, 5.00, 5.00, '2024-04-21', 1),
	(100000927, 'VELA CUP CAKE X4', 6, 2, 'UNIDAD', 3.00, 6.00, 6.00, '2024-04-21', 1),
	(100000928, 'VELA PELOTA', 5, 2, 'UNIDAD', 3.00, 6.00, 6.00, '2024-04-21', 1),
	(100000929, 'VELA TOPER LUCES', 4, 2, 'UNIDAD', 3.00, 8.00, 8.00, '2024-04-21', 1),
	(100000930, 'VELA ESTUCHE', 29, 2, 'UNIDAD', 3.00, 4.00, 4.00, '2024-04-21', 1),
	(100000931, 'VELA ESTUCHE X3', 36, 2, 'UNIDAD', 3.00, 7.00, 7.00, '2024-04-21', 1),
	(100000932, 'BLISTER  10 soles DECORATIVO', 205, 5, 'UNIDAD', 6.00, 10.00, 9.00, '2024-04-22', 1),
	(100000933, 'BLISTER  8 SOLES', 157, 5, 'UNIDAD', 6.00, 8.00, 8.00, '2024-04-22', 1),
	(100000934, 'BLISTER S   6 SOLES', 124, 5, 'UNIDAD', 4.00, 6.00, 5.50, '2024-04-22', 1),
	(100000935, 'BLISTER S   5 SOLES', 18, 5, 'UNIDAD', 4.00, 5.00, 5.00, '2024-04-22', 1),
	(100000936, 'JUGUETE 5 SOLES', 96, 2, 'UNIDAD', 3.00, 5.00, 5.00, '2024-04-22', 1),
	(100000937, 'BANDEJA OVALADA CELESTE', 4, 2, 'UNIDAD', 9.00, 15.00, 14.00, '2024-04-22', 1),
	(100000938, 'BANDEJA OVALADA AMARILLO', 4, 2, 'UNIDAD', 9.00, 15.00, 14.00, '2024-04-22', 1),
	(100000939, 'BANDEJA OVALADA ROJO', 3, 2, 'UNIDAD', 9.00, 15.00, 14.00, '2024-04-22', 1),
	(100000940, 'BANDEJA OVALADA FUCSIA', 3, 2, 'UNIDAD', 9.00, 15.00, 14.00, '2024-04-22', 1),
	(100000941, 'BANDEJA OVALADA LILA', 1, 2, 'UNIDAD', 9.00, 15.00, 14.00, '2024-04-22', 1),
	(100000942, 'BANDEJA OVALADA VERDE CLARO', 4, 2, 'UNIDAD', 9.00, 15.00, 14.00, '2024-04-22', 1),
	(100000943, 'BANDEJA OVALADA BLANCO', 4, 2, 'UNIDAD', 9.00, 15.00, 14.00, '2024-04-22', 1),
	(100000944, 'BANDEJA OVALADA DORADO', 5, 2, 'UNIDAD', 9.00, 15.00, 14.00, '2024-04-22', 1),
	(100000945, 'BANDEJA OVALADA VERDE OSCURO', 4, 2, 'UNIDAD', 9.00, 15.00, 14.00, '2024-04-22', 1),
	(100000946, 'BANDEJA OVALADA AZUL', 3, 2, 'UNIDAD', 9.00, 15.00, 14.00, '2024-04-22', 1),
	(100000947, 'BANDEJA OVALADA PLATEADO', 2, 2, 'UNIDAD', 9.00, 15.00, 14.00, '2024-04-22', 1),
	(100000948, 'BANDEJA OVALADA  ROSADO ', 1, 2, 'UNIDAD', 9.00, 15.00, 14.00, '2024-04-22', 1),
	(100000949, 'BANDEJA OVALADA  ANARANJADO', 3, 2, 'UNIDAD', 9.00, 15.00, 14.00, '2024-04-22', 1),
	(100000950, 'BANDEJA OVALADA  NEGRO', 3, 2, 'UNIDAD', 9.00, 15.00, 14.00, '2024-04-22', 1),
	(100000951, 'BANDEJA OVALADA UNIDADES', 3, 2, 'UNIDAD', 9.00, 1.70, 1.50, '2024-04-22', 1),
	(100000952, 'VASO DORADO X25', 6, 2, 'UNIDAD', 8.00, 11.00, 10.00, '2024-04-22', 1),
	(100000953, 'VASO ANARANJADO X25', 2, 2, 'UNIDAD', 8.00, 11.00, 10.00, '2024-04-22', 1),
	(100000954, 'VASO PLATEADO X25', 1, 2, 'UNIDAD', 8.00, 11.00, 10.00, '2024-04-22', 1),
	(100000955, 'VASO AZUL X25', 7, 2, 'UNIDAD', 8.00, 11.00, 10.00, '2024-04-22', 1),
	(100000956, 'VASO ROJO X25', 3, 2, 'UNIDAD', 8.00, 11.00, 10.00, '2024-04-22', 1),
	(100000957, 'VASO FUCSIA X25', 3, 2, 'UNIDAD', 8.00, 11.00, 10.00, '2024-04-22', 1),
	(100000958, 'VASO LILA X25', 10, 2, 'UNIDAD', 8.00, 11.00, 10.00, '2024-04-22', 1),
	(100000959, 'VASO AMARILLO X25', 7, 2, 'UNIDAD', 8.00, 11.00, 10.00, '2024-04-22', 1),
	(100000960, 'VASO CELESTE X25', 8, 2, 'UNIDAD', 8.00, 11.00, 10.00, '2024-04-22', 1),
	(100000961, 'VASO JADE X25', 3, 2, 'UNIDAD', 8.00, 11.00, 10.00, '2024-04-22', 1),
	(100000962, 'VASO VERDE CLARO X25', 3, 2, 'UNIDAD', 8.00, 11.00, 10.00, '2024-04-22', 1),
	(100000963, 'VASO VERDE OSCURO X25', 2, 2, 'UNIDAD', 8.00, 11.00, 10.00, '2024-04-22', 1),
	(100000964, 'VASO VERDE BLANCO X25', 8, 2, 'UNIDAD', 8.00, 11.00, 10.00, '2024-04-22', 1),
	(100000965, 'CORTINA CUADRADA VERDE', 4, 2, 'UNIDAD', 4.00, 6.00, 6.00, '2024-04-22', 1),
	(100000966, 'CORTINA CUADRADA AZUL', 38, 2, 'UNIDAD', 4.00, 6.00, 6.00, '2024-04-22', 1),
	(100000967, 'CORTINA CUADRADA BLANCO', 16, 2, 'UNIDAD', 4.00, 6.00, 6.00, '2024-04-22', 1),
	(100000968, 'CORTINA CUADRADA ROSADO', 39, 2, 'UNIDAD', 4.00, 6.00, 6.00, '2024-04-22', 1),
	(100000969, 'CORTINA CUADRADA NUDE', 8, 2, 'UNIDAD', 4.00, 6.00, 6.00, '2024-04-22', 1),
	(100000970, 'CORTINA CUADRADA ROJO', 37, 2, 'UNIDAD', 4.00, 6.00, 6.00, '2024-04-22', 1),
	(100000971, 'CORTINA CUADRADA CELESTE', 23, 2, 'UNIDAD', 4.00, 6.00, 6.00, '2024-04-22', 1),
	(100000972, 'CORTINA CUADRADA DORADO', 23, 2, 'UNIDAD', 4.00, 6.00, 6.00, '2024-04-22', 1),
	(100000973, 'CORTINA CUADRADA NEGRO', 17, 2, 'UNIDAD', 4.00, 6.00, 6.00, '2024-04-22', 1),
	(100000974, 'CORTINA CUADRADA PLATEADO', 27, 2, 'UNIDAD', 4.00, 6.00, 6.00, '2024-04-22', 1),
	(100000975, 'CORTINA CUADRADA FUSCIA', 17, 2, 'UNIDAD', 4.00, 6.00, 6.00, '2024-04-22', 1),
	(100000976, 'CORTINA CUADRADA CORAZON', 55, 2, 'UNIDAD', 4.00, 6.00, 6.00, '2024-04-22', 1),
	(100000977, 'CORTINA CUADRADA ARCOIRIS METALICO', 7, 2, 'UNIDAD', 4.00, 6.00, 6.00, '2024-04-22', 1),
	(100000978, 'CORTINA CUADRADA ARCOIRIS PASTEL', 3, 2, 'UNIDAD', 4.00, 6.00, 6.00, '2024-04-22', 1),
	(100000979, 'MANTEL SAFARI', 15, 2, 'UNIDAD', 6.00, 10.00, 10.00, '2024-04-22', 1),
	(100000980, 'MANTEL METALICO', 56, 2, 'UNIDAD', 6.00, 8.00, 8.00, '2024-04-22', 1),
	(100000981, 'FALDA  COLORES', 15, 2, 'UNIDAD', 9.00, 14.00, 14.00, '2024-04-22', 1),
	(100000982, 'FALDA  HUELLAS', 11, 2, 'UNIDAD', 9.00, 15.00, 15.00, '2024-04-22', 1),
	(100000983, 'FALDA  AJEDREZ', 8, 2, 'UNIDAD', 9.00, 15.00, 15.00, '2024-04-22', 1),
	(100000984, 'MANTEL UNIVERSITARIO', 1, 2, 'UNIDAD', 6.00, 8.00, 8.00, '2024-04-22', 1),
	(100000985, 'MANTEL ALIANZA', 5, 2, 'UNIDAD', 6.00, 8.00, 8.00, '2024-04-22', 1),
	(100000986, 'MANTEL CRISTAL', 5, 2, 'UNIDAD', 6.00, 8.00, 8.00, '2024-04-22', 1),
	(100000987, 'MANTEL FUTBOL VERDE', 9, 2, 'UNIDAD', 6.00, 8.00, 8.00, '2024-04-22', 1),
	(100000988, 'MANTEL MESSI', 6, 2, 'UNIDAD', 6.00, 8.00, 8.00, '2024-04-22', 1),
	(100000989, 'MANTEL FUTBOL NEGRO', 8, 2, 'UNIDAD', 6.00, 8.00, 8.00, '2024-04-22', 1),
	(100000990, 'MANTEL  MANCHAS', 3, 2, 'UNIDAD', 6.00, 10.00, 10.00, '2024-04-22', 1),
	(100000991, 'MANTEL  AJEDREZ', 5, 2, 'UNIDAD', 6.00, 10.00, 10.00, '2024-04-22', 1),
	(100000992, 'MANTEL  PLASTICO COLOR', 49, 2, 'UNIDAD', 4.00, 6.00, 6.00, '2024-04-22', 1),
	(100000993, 'FELIZ CUMPLEA&Ntilde;OS AZUL CORRIDO', 16, 2, 'UNIDAD', 4.00, 6.00, 6.00, '2024-04-22', 1),
	(100000994, 'FELIZ CUMPLE  ROJO CORRIDO', 11, 2, 'UNIDAD', 4.00, 6.00, 6.00, '2024-04-22', 1),
	(100000995, 'FELIZ CUMPLE  ROSADO CORRIDO', 7, 2, 'UNIDAD', 4.00, 6.00, 6.00, '2024-04-22', 1),
	(100000996, 'FELIZ CUMPLEA&Ntilde;OS NEGRO CORRIDO', 15, 2, 'UNIDAD', 4.00, 6.00, 6.00, '2024-04-22', 1),
	(100000997, 'FELIZ CUMPLEA&Ntilde;OS VERDE CORRIDO', 11, 2, 'UNIDAD', 4.00, 6.00, 6.00, '2024-04-22', 1),
	(100000998, 'FELIZ CUMPLE  DORADO CORRIDO', 26, 2, 'UNIDAD', 4.00, 6.00, 6.00, '2024-04-22', 1),
	(100000999, 'FELIZ CUMPLEA&Ntilde;OS PLATEADO CORRIDO', 3, 2, 'UNIDAD', 4.00, 6.00, 6.00, '2024-04-22', 1),
	(100001000, 'FELIZ CUMPLEA&Ntilde;OS NUDE CORRIDO', 22, 2, 'UNIDAD', 4.00, 6.00, 6.00, '2024-04-22', 1),
	(100001001, 'FELIZ CUMPLEA&Ntilde;OS CELESTE CORRIDO', 17, 2, 'UNIDAD', 4.00, 6.00, 6.00, '2024-04-22', 1),
	(100001002, 'BANDERIN SIMPLE', 80, 2, 'UNIDAD', 4.00, 6.00, 6.00, '2024-04-22', 1),
	(100001338, 'FELIZ CIUMPLE LILA CORRIDO', 10, 2, 'UNIDAD', 4.00, 6.00, 6.00, '2024-05-02', 1),
	(100001004, 'PIRAMIDE PEACH', 6, 2, 'UNIDAD', 6.00, 10.00, 9.00, '2024-04-22', 1),
	(100001005, 'PIRAMIDE PRINCESAS', 7, 2, 'UNIDAD', 6.00, 10.00, 9.00, '2024-04-22', 1),
	(100001006, 'PIRAMIDE BLANCA NIEVES', 10, 2, 'UNIDAD', 6.00, 10.00, 9.00, '2024-04-22', 1),
	(100001007, 'PIRAMIDE SKAY', 9, 2, 'UNIDAD', 6.00, 10.00, 9.00, '2024-04-22', 1),
	(100001008, 'PIRAMIDE UNICORNIO', 6, 2, 'UNIDAD', 6.00, 10.00, 9.00, '2024-04-22', 1),
	(100001009, 'PIRAMIDE REYNA', 12, 2, 'UNIDAD', 6.00, 10.00, 9.00, '2024-04-22', 1),
	(100001010, 'PIRAMIDE MARIPOSAS', 10, 2, 'UNIDAD', 6.00, 10.00, 9.00, '2024-04-22', 1),
	(100001011, 'PIRAMIDE ENCANTO', 5, 2, 'UNIDAD', 6.00, 10.00, 9.00, '2024-04-22', 1),
	(100001012, 'PIRAMIDE MOANA BEBE', 9, 2, 'UNIDAD', 6.00, 10.00, 9.00, '2024-04-22', 1),
	(100001013, 'PIRAMIDE MINI ROSADA', 20, 2, 'UNIDAD', 6.00, 10.00, 9.00, '2024-04-22', 1),
	(100001014, 'PIRAMIDE GIRASOL', 9, 2, 'UNIDAD', 6.00, 10.00, 9.00, '2024-04-22', 1),
	(100001015, 'CARAMELERA GIRASOL', 10, 2, 'UNIDAD', 6.00, 10.00, 9.00, '2024-04-22', 1),
	(100001016, 'CARAMELERA PEACH', 8, 2, 'UNIDAD', 6.00, 10.00, 9.00, '2024-04-22', 1),
	(100001017, 'IGLU PEACH', 8, 2, 'UNIDAD', 6.00, 10.00, 9.00, '2024-04-22', 1),
	(100001018, 'IGLU PRINCESAS', 8, 2, 'UNIDAD', 6.00, 10.00, 9.00, '2024-04-22', 1),
	(100001019, 'CARAMELERA PRINCESAS', 5, 2, 'UNIDAD', 6.00, 10.00, 9.00, '2024-04-22', 1),
	(100001020, 'IGLU SKAY', 9, 2, 'UNIDAD', 6.00, 10.00, 9.00, '2024-04-22', 1),
	(100001021, 'CARAMELERA  SKAY', 6, 2, 'UNIDAD', 6.00, 10.00, 9.00, '2024-04-22', 1),
	(100001022, ' IGLU UNICORNIO', 5, 2, 'UNIDAD', 6.00, 10.00, 9.00, '2024-04-22', 1),
	(100001023, 'CARAMELERA  UNICORNIO', 4, 2, 'UNIDAD', 6.00, 10.00, 9.00, '2024-04-22', 1),
	(100001024, 'IGLU REYNA', 5, 2, 'UNIDAD', 6.00, 10.00, 9.00, '2024-04-22', 1),
	(100001025, 'CARAMELERA REYNA', 10, 2, 'UNIDAD', 6.00, 10.00, 9.00, '2024-04-22', 1),
	(100001026, 'ILGU LADY BOG', 4, 2, 'UNIDAD', 6.00, 10.00, 9.00, '2024-04-22', 1),
	(100001027, 'CARAMELERA  LADY BOG', 6, 2, 'UNIDAD', 6.00, 10.00, 9.00, '2024-04-22', 1),
	(100001028, 'CARAMELERA  MARIPOSA', 10, 2, 'UNIDAD', 6.00, 10.00, 9.00, '2024-04-22', 1),
	(100001029, 'CARAMELERA  BEBE LLORONES', 2, 2, 'UNIDAD', 6.00, 10.00, 9.00, '2024-04-22', 1),
	(100001030, 'CARAMELERA  ENCANTO', 5, 2, 'UNIDAD', 6.00, 10.00, 9.00, '2024-04-22', 1),
	(100001031, 'IGLU  ENCANTO', 15, 2, 'UNIDAD', 6.00, 10.00, 9.00, '2024-04-22', 1),
	(100001032, 'IGLU  MOANA BEBE', 4, 2, 'UNIDAD', 6.00, 10.00, 9.00, '2024-04-22', 1),
	(100001033, 'CARAMELERA MOANA BEBE', 7, 2, 'UNIDAD', 6.00, 10.00, 9.00, '2024-04-22', 1),
	(100001034, 'CARAMELERA MINI ROSADA', 11, 2, 'UNIDAD', 6.00, 10.00, 9.00, '2024-04-22', 1),
	(100001035, 'IGLU MINI ROSADA', 9, 2, 'UNIDAD', 6.00, 10.00, 9.00, '2024-04-22', 1),
	(100001036, 'PIRAMIDE ROBLOX NI&Ntilde;A', 8, 2, 'UNIDAD', 6.00, 10.00, 9.00, '2024-04-22', 1),
	(100001037, 'IGLU ROBLOX NI&Ntilde;A', 5, 2, 'UNIDAD', 6.00, 10.00, 9.00, '2024-04-22', 1),
	(100001038, 'CARAMELERA  ROBLOX NI&Ntilde;A', 6, 2, 'UNIDAD', 6.00, 10.00, 9.00, '2024-04-22', 1),
	(100001039, 'PIRAMIDE SIRENA', 10, 2, 'UNIDAD', 6.00, 10.00, 9.00, '2024-04-22', 1),
	(100001040, 'IGLU  SIRENA', 15, 2, 'UNIDAD', 6.00, 10.00, 9.00, '2024-04-22', 1),
	(100001041, 'CARAMELERA  SIRENA', 8, 2, 'UNIDAD', 6.00, 10.00, 9.00, '2024-04-22', 1),
	(100001042, 'PIRAMIDE PLIM PLINA', 7, 2, 'UNIDAD', 6.00, 10.00, 9.00, '2024-04-22', 1),
	(100001043, 'ILGU PLIM PLINA', 7, 2, 'UNIDAD', 6.00, 10.00, 9.00, '2024-04-22', 1),
	(100001044, 'CARAMELERA  PLIM PLINA', 9, 2, 'UNIDAD', 6.00, 10.00, 9.00, '2024-04-22', 1),
	(100001045, 'PIRAMIDE SOFIA', 10, 2, 'UNIDAD', 6.00, 10.00, 9.00, '2024-04-22', 1),
	(100001046, 'IGLU SOFIA', 8, 2, 'UNIDAD', 6.00, 10.00, 9.00, '2024-04-22', 1),
	(100001047, 'CARAMELERA SOFIA', 8, 2, 'UNIDAD', 6.00, 10.00, 9.00, '2024-04-22', 1),
	(100001048, 'PIRAMIDE PEPPA PIG', 6, 2, 'UNIDAD', 6.00, 10.00, 9.00, '2024-04-22', 1),
	(100001049, 'IGLU PEPPA PIG', 8, 2, 'UNIDAD', 6.00, 10.00, 9.00, '2024-04-22', 1),
	(100001050, 'CARAMELERA  PEPPA PIG', 6, 2, 'UNIDAD', 6.00, 10.00, 9.00, '2024-04-22', 1),
	(100001051, 'IGLU FROZEN', 10, 2, 'UNIDAD', 6.00, 10.00, 9.00, '2024-04-22', 1),
	(100001052, 'CARAMELERA  FROZEN', 10, 2, 'UNIDAD', 6.00, 10.00, 9.00, '2024-04-22', 1),
	(100001053, 'PIRAMIDE CASA DE GABY', 7, 2, 'UNIDAD', 6.00, 10.00, 9.00, '2024-04-22', 1),
	(100001054, 'CARAMELERA CASA DE GABY', 2, 2, 'UNIDAD', 6.00, 10.00, 9.00, '2024-04-22', 1),
	(100001055, 'PIRAMIDE BARBIE', 7, 2, 'UNIDAD', 6.00, 10.00, 9.00, '2024-04-22', 1),
	(100001056, 'IGLU BARBIE', 6, 2, 'UNIDAD', 6.00, 10.00, 9.00, '2024-04-22', 1),
	(100001057, 'CARAMELERA BARBIE', 9, 2, 'UNIDAD', 6.00, 10.00, 9.00, '2024-04-22', 1),
	(100001058, 'SONICK NI&Ntilde;A', 7, 2, 'UNIDAD', 6.00, 10.00, 9.00, '2024-04-22', 1),
	(100001059, 'PIRAMIDE SIRENA COLA', 10, 2, 'UNIDAD', 6.00, 10.00, 9.00, '2024-04-22', 1),
	(100001060, 'IGLU SIRENA COLA', 10, 2, 'UNIDAD', 6.00, 10.00, 9.00, '2024-04-22', 1),
	(100001061, 'CARAMELERA  SIRENA COLA', 10, 2, 'UNIDAD', 6.00, 10.00, 9.00, '2024-04-22', 1),
	(100001062, 'PIRAMIDE KUROMI', 3, 2, 'UNIDAD', 6.00, 10.00, 9.00, '2024-04-22', 1),
	(100001063, 'IGLU  KUROMI', 5, 2, 'UNIDAD', 6.00, 10.00, 9.00, '2024-04-22', 1),
	(100001064, 'CARAMELERO  KUROMI', 4, 2, 'UNIDAD', 6.00, 10.00, 9.00, '2024-04-22', 1),
	(100001065, 'PIRAMIDE LOL', 5, 2, 'UNIDAD', 6.00, 10.00, 9.00, '2024-04-22', 1),
	(100001066, 'IGLU LOL', 9, 2, 'UNIDAD', 6.00, 10.00, 9.00, '2024-04-22', 1),
	(100001067, 'CARAMELERA LOL', 5, 2, 'UNIDAD', 6.00, 10.00, 9.00, '2024-04-22', 1),
	(100001068, 'IGLU MINI ROJA', 4, 2, 'UNIDAD', 6.00, 10.00, 9.00, '2024-04-22', 1),
	(100001069, 'PIRAMIDE MINI ROJA', 4, 2, 'UNIDAD', 6.00, 10.00, 9.00, '2024-04-22', 1),
	(100001070, 'CARAMELERA   MINI ROJA', 5, 2, 'UNIDAD', 6.00, 10.00, 9.00, '2024-04-22', 1),
	(100001071, 'PIRAMIDE HELLO KITY', 10, 2, 'UNIDAD', 6.00, 10.00, 9.00, '2024-04-22', 1),
	(100001072, 'IGLU HELLO KITY', 8, 2, 'UNIDAD', 6.00, 10.00, 9.00, '2024-04-22', 1),
	(100001073, 'CARAMELERA  HELLO KITY', 9, 2, 'UNIDAD', 6.00, 10.00, 9.00, '2024-04-22', 1),
	(100001074, 'PIRAMIDE MASHA', 5, 2, 'UNIDAD', 6.00, 10.00, 9.00, '2024-04-22', 1),
	(100001075, 'IGLU MASHA', 4, 2, 'UNIDAD', 6.00, 10.00, 9.00, '2024-04-22', 1),
	(100001076, 'CARAMELERO MASHA', 4, 2, 'UNIDAD', 6.00, 10.00, 9.00, '2024-04-22', 1),
	(100001077, 'TOPER 5 SOLES', 150, 2, 'UNIDAD', 3.00, 5.00, 5.00, '2024-04-22', 1),
	(100001078, 'TOPER 6  SOLES', 50, 2, 'UNIDAD', 3.00, 5.00, 5.00, '2024-04-22', 1),
	(100001079, 'TOPER 7 SOLES', 30, 2, 'UNIDAD', 3.00, 5.00, 5.00, '2024-04-22', 1),
	(100001080, 'TOPER 8  SOLES', 30, 2, 'UNIDAD', 3.00, 5.00, 5.00, '2024-04-22', 1),
	(100001081, 'TOPER 10  SOLES', 120, 2, 'UNIDAD', 3.00, 5.00, 5.00, '2024-04-22', 1),
	(100001082, 'PELOTAS GOMA GRANDE X 12', 12, 2, 'PAQUETE', 14.00, 24.00, 24.00, '2024-04-23', 1),
	(100001083, 'PELOTAS GOMA CHICA X 12', 9, 2, 'UNIDAD', 14.00, 24.00, 24.00, '2024-04-23', 1),
	(100001084, 'JUGUETE 6  SOLES', 69, 2, 'UNIDAD', 3.00, 6.00, 6.00, '2024-04-23', 1),
	(100001085, 'JUGUETE 7  SOLES', 73, 2, 'UNIDAD', 3.00, 7.00, 7.00, '2024-04-23', 1),
	(100001086, 'JUGUETE 8  SOLES', 105, 2, 'UNIDAD', 5.00, 8.00, 8.00, '2024-04-23', 1),
	(100001087, 'JUGUETE 2.5 SOLES', 36, 2, 'UNIDAD', 1.50, 2.50, 2.50, '2024-04-23', 1),
	(100001088, 'JUGUETE 4  SOLES', 14, 2, 'UNIDAD', 3.00, 4.00, 4.00, '2024-04-23', 1),
	(100001089, 'JUGUETE 3.5  SOLES', 42, 2, 'UNIDAD', 2.00, 3.50, 3.50, '2024-04-23', 1),
	(100001090, 'CORNETA', 4, 2, 'UNIDAD', 5.00, 9.00, 9.00, '2024-04-23', 1),
	(100001091, 'BLISTER GLOBO X5 INFANTIL', 136, 2, 'UNIDAD', 5.00, 10.00, 9.00, '2024-04-23', 1),
	(100001092, 'JUGUETE 3 SOLES', 62, 2, 'UNIDAD', 2.00, 3.00, 3.00, '2024-04-23', 1),
	(100001093, 'SORBETE DECORATIVO', 17, 2, 'UNIDAD', 4.00, 6.00, 6.00, '2024-04-23', 1),
	(100001094, 'MARIPOSA DECORATIVAS X10 GRANDE', 16, 2, 'UNIDAD', 4.00, 8.00, 8.00, '2024-04-23', 1),
	(100001095, 'MARIPOSA MEDIANA DECORATIVA X 10', 18, 2, 'UNIDAD', 4.00, 6.00, 6.00, '2024-04-23', 1),
	(100001096, 'MARIPOSA  CHICA DECORATIVA X 10', 41, 2, 'UNIDAD', 2.00, 3.50, 3.50, '2024-04-23', 1),
	(100001097, 'LENTEJUELA  BOLSITA', 12, 2, 'UNIDAD', 2.00, 3.00, 3.00, '2024-04-23', 1),
	(100001098, 'GLOBO SAFARI X10 unid', 6, 2, 'UNIDAD', 3.00, 5.00, 5.00, '2024-04-23', 1),
	(100001101, 'TIZA PARA CABELLO', 9, 2, 'UNIDAD', 3.00, 6.00, 6.00, '2024-04-23', 1),
	(100001100, 'PAPEL DECORADITO X20 UNID', 22, 2, 'UNIDAD', 3.00, 5.00, 5.00, '2024-04-23', 1),
	(100001102, 'ANTIFAZ CARTON', 28, 2, 'UNIDAD', 3.00, 6.00, 6.00, '2024-04-23', 1),
	(100001103, 'blister 3 soles', 6, 1, 'UNIDAD', 2.00, 3.00, 3.00, '2024-04-24', 1),
	(100001104, 'PIRAMIDE RAPUNZEL', 5, 1, 'UNIDAD', 6.00, 10.00, 9.00, '2024-04-24', 1),
	(100001105, 'PIRAMIDE CINAMORROL', 5, 1, 'UNIDAD', 6.00, 10.00, 9.00, '2024-04-24', 1),
	(100001106, 'CARAMELERA  CINAMORROL', 6, 1, 'UNIDAD', 6.00, 10.00, 9.00, '2024-04-24', 1),
	(100001107, 'PIRAMIDE VACA LOLA', 1, 1, 'UNIDAD', 6.00, 10.00, 9.00, '2024-04-24', 1),
	(100001108, 'IGLU VACA LOLA', 1, 1, 'UNIDAD', 6.00, 10.00, 9.00, '2024-04-24', 1),
	(100001109, 'CARAMELERA  VACA LOLA', 3, 1, 'UNIDAD', 6.00, 10.00, 9.00, '2024-04-24', 1),
	(100001110, 'PIRAMIDE MERLINA', 7, 1, 'UNIDAD', 6.00, 10.00, 9.00, '2024-04-24', 1),
	(100001111, 'IGLU MERLINA', 4, 1, 'UNIDAD', 6.00, 10.00, 9.00, '2024-04-24', 1),
	(100001112, 'CARAMELERA  MERLINA', 4, 1, 'UNIDAD', 6.00, 10.00, 9.00, '2024-04-24', 1),
	(100001113, 'PIRAMIDE NUBE DE AMOR', 5, 1, 'UNIDAD', 6.00, 10.00, 9.00, '2024-04-24', 1),
	(100001114, 'IGLU NUBE DE AMOR', 9, 1, 'UNIDAD', 6.00, 10.00, 9.00, '2024-04-24', 1),
	(100001115, 'CARAMELERA  NUBE DE AMOR', 5, 1, 'UNIDAD', 6.00, 10.00, 9.00, '2024-04-24', 1),
	(100001116, 'PIAMIDE POPIT', 5, 1, 'UNIDAD', 6.00, 10.00, 9.00, '2024-04-24', 1),
	(100001117, 'CARAMELERA POPIT', 4, 1, 'UNIDAD', 6.00, 10.00, 9.00, '2024-04-24', 1),
	(100001118, 'PIRAMIDE TIK TOK ', 6, 1, 'UNIDAD', 6.00, 10.00, 9.00, '2024-04-24', 1),
	(100001119, 'IGLUTIK TOK ', 6, 1, 'UNIDAD', 6.00, 10.00, 9.00, '2024-04-24', 1),
	(100001120, 'CARAMELERA TIK TOK ', 1, 1, 'UNIDAD', 6.00, 10.00, 9.00, '2024-04-24', 1),
	(100001121, 'PIRAMIDE  ZENONA', 8, 1, 'UNIDAD', 6.00, 10.00, 9.00, '2024-04-24', 1),
	(100001122, 'IGLU  ZENONA', 14, 1, 'UNIDAD', 6.00, 10.00, 9.00, '2024-04-24', 1),
	(100001123, 'CARAMELERA  ZENONA', 15, 1, 'UNIDAD', 6.00, 10.00, 9.00, '2024-04-24', 1),
	(100001124, 'PIRAMIDE PONY', 4, 1, 'UNIDAD', 6.00, 10.00, 9.00, '2024-04-24', 1),
	(100001125, 'PIRAMIDE GALLINA PINTADITA', 1, 1, 'UNIDAD', 6.00, 10.00, 9.00, '2024-04-24', 1),
	(100001126, 'PIRAMIDE CENICIENTA', 4, 1, 'UNIDAD', 6.00, 10.00, 9.00, '2024-04-24', 1),
	(100001127, 'IGLU BABY SHARK NI&Ntilde;A', 1, 1, 'UNIDAD', 6.00, 10.00, 9.00, '2024-04-24', 1),
	(100001128, 'IGLU MOANA', 5, 1, 'UNIDAD', 6.00, 10.00, 9.00, '2024-04-24', 1),
	(100001129, 'PIRAMIDE ISABELA', 9, 1, 'UNIDAD', 6.00, 10.00, 9.00, '2024-04-24', 1),
	(100001130, 'IGLU ISABELA', 2, 1, 'UNIDAD', 6.00, 10.00, 9.00, '2024-04-24', 1),
	(100001131, 'PIRAMIDE POCOYO', 6, 1, 'UNIDAD', 6.00, 10.00, 9.00, '2024-04-24', 1),
	(100001132, 'IGLU  POCOYO', 6, 1, 'UNIDAD', 6.00, 10.00, 9.00, '2024-04-24', 1),
	(100001133, 'CARAMELERA  POCOYO', 6, 1, 'UNIDAD', 6.00, 10.00, 9.00, '2024-04-24', 1),
	(100001134, 'PIAMIDE SONIC', 5, 1, 'UNIDAD', 6.00, 10.00, 9.00, '2024-04-24', 1),
	(100001135, 'IGLU SONIC', 8, 1, 'UNIDAD', 6.00, 10.00, 9.00, '2024-04-24', 1),
	(100001136, 'CARAMELERA SONIC', 10, 1, 'UNIDAD', 6.00, 10.00, 9.00, '2024-04-24', 1),
	(100001137, 'PIRAMIDE GOKU', 8, 1, 'UNIDAD', 6.00, 10.00, 9.00, '2024-04-24', 1),
	(100001138, 'IGLU  GOKU', 5, 1, 'UNIDAD', 6.00, 10.00, 9.00, '2024-04-24', 1),
	(100001139, 'CARAMELERA  GOKU', 8, 1, 'UNIDAD', 6.00, 10.00, 9.00, '2024-04-24', 1),
	(100001140, 'PIRAMIDE PLIM PLIM', 7, 1, 'UNIDAD', 6.00, 10.00, 9.00, '2024-04-24', 1),
	(100001141, 'ILGU PLIM PLIM', 8, 1, 'UNIDAD', 6.00, 10.00, 9.00, '2024-04-24', 1),
	(100001142, 'CARAMELERA  PLIM PLIM', 6, 1, 'UNIDAD', 6.00, 10.00, 9.00, '2024-04-24', 1),
	(100001143, 'PIRAMIDE ZOMBIES', 4, 1, 'UNIDAD', 6.00, 10.00, 9.00, '2024-04-24', 1),
	(100001144, 'IGLU ZOMBIES', 6, 1, 'UNIDAD', 6.00, 10.00, 9.00, '2024-04-24', 1),
	(100001145, 'CARAMELERA  ZOMBIES', 7, 1, 'UNIDAD', 6.00, 10.00, 9.00, '2024-04-24', 1),
	(100001146, 'PIRAMIDE MINECRAF', 6, 1, 'UNIDAD', 6.00, 10.00, 9.00, '2024-04-24', 1),
	(100001147, 'IGLU MINECRAF', 4, 1, 'UNIDAD', 6.00, 10.00, 9.00, '2024-04-24', 1),
	(100001148, 'CARAMELERA  MINECRAF', 4, 1, 'UNIDAD', 6.00, 10.00, 9.00, '2024-04-24', 1),
	(100001149, 'CARAMELERA  BLANCA NIEVES', 10, 1, 'UNIDAD', 6.00, 10.00, 9.00, '2024-04-24', 1),
	(100001150, 'IGLU  BLANCA NIEVES', 10, 1, 'UNIDAD', 6.00, 10.00, 9.00, '2024-04-24', 1),
	(100001151, 'PIRAMIDE ZENON', 9, 1, 'UNIDAD', 6.00, 10.00, 9.00, '2024-04-24', 1),
	(100001152, 'IGLU ZENON', 13, 1, 'UNIDAD', 6.00, 10.00, 9.00, '2024-04-24', 1),
	(100001153, 'CARAMELERA  ZENON', 5, 1, 'UNIDAD', 6.00, 10.00, 9.00, '2024-04-24', 1),
	(100001154, 'PIRAMIDE DINOSaURIO', 2, 1, 'UNIDAD', 6.00, 10.00, 9.00, '2024-04-24', 1),
	(100001155, 'IGLU DINOSAURIO', 8, 1, 'UNIDAD', 6.00, 10.00, 9.00, '2024-04-24', 1),
	(100001156, 'CARAMELERA  DINOSAURIO', 5, 1, 'UNIDAD', 6.00, 10.00, 9.00, '2024-04-24', 1),
	(100001157, 'PIRAMIDE MIKE CRAF', 3, 1, 'UNIDAD', 6.00, 10.00, 9.00, '2024-04-24', 1),
	(100001158, 'IGLU MIKE CRAF', 5, 1, 'UNIDAD', 6.00, 10.00, 9.00, '2024-04-24', 1),
	(100001159, 'CARAMELERA  MIKE CRAF', 7, 1, 'UNIDAD', 6.00, 10.00, 9.00, '2024-04-24', 1),
	(100001160, 'PIRAMIDE HARRY POTER', 4, 1, 'UNIDAD', 6.00, 10.00, 9.00, '2024-04-24', 1),
	(100001161, 'CARAMELERA HARRY POTER', 4, 1, 'UNIDAD', 6.00, 10.00, 9.00, '2024-04-24', 1),
	(100001162, 'PIRAMIDE POKEMON', 5, 1, 'UNIDAD', 6.00, 10.00, 9.00, '2024-04-24', 1),
	(100001163, 'IGLU POKEMON', 10, 1, 'UNIDAD', 6.00, 10.00, 9.00, '2024-04-24', 1),
	(100001164, 'CARAMELERA  POKEMON', 5, 1, 'UNIDAD', 6.00, 10.00, 9.00, '2024-04-24', 1),
	(100001165, 'PIRAMIDE VENGADORES', 4, 1, 'UNIDAD', 6.00, 10.00, 9.00, '2024-04-24', 1),
	(100001166, 'IGLU  VENGADORES', 4, 1, 'UNIDAD', 6.00, 10.00, 9.00, '2024-04-24', 1),
	(100001167, 'CARAMELERA  VENGADORES', 5, 1, 'UNIDAD', 6.00, 10.00, 9.00, '2024-04-24', 1),
	(100001168, 'VINCHAS REYNA', 72, 2, 'UNIDAD', 7.00, 10.00, 10.00, '2024-04-24', 1),
	(100001169, 'VINCHA SIRENA  10 soles', 6, 0, 'UNIDAD', 6.00, 10.00, 10.00, '2024-04-24', 1),
	(100001170, 'PIRAMIDE MARIO BROS', 6, 2, 'UNIDAD', 6.00, 10.00, 9.00, '2024-04-25', 1),
	(100001171, 'IGLU MARIO BROS', 7, 2, 'UNIDAD', 6.00, 10.00, 9.00, '2024-04-25', 1),
	(100001172, 'CARAMELERA  MARIO BROS', 7, 2, 'UNIDAD', 6.00, 10.00, 9.00, '2024-04-25', 1),
	(100001173, 'PIRAMIDE CIRCUS DIGITAL', 5, 2, 'UNIDAD', 6.00, 10.00, 9.00, '2024-04-25', 1),
	(100001176, 'PIRAMIDE BABY SHARK', 4, 2, 'UNIDAD', 6.00, 10.00, 9.00, '2024-04-25', 1),
	(100001175, 'CARAMELERA   CIRCUS DIGITAL', 9, 2, 'UNIDAD', 6.00, 10.00, 9.00, '2024-04-25', 1),
	(100001177, 'IGLU BABY SHARK', 5, 2, 'UNIDAD', 6.00, 10.00, 9.00, '2024-04-25', 1),
	(100001178, 'CARAMELERA  BABY SHARK', 5, 2, 'UNIDAD', 6.00, 10.00, 9.00, '2024-04-25', 1),
	(100001179, 'PIRAMIDE HOT WELHS', 5, 2, 'UNIDAD', 6.00, 10.00, 9.00, '2024-04-25', 1),
	(100001180, 'CARAMELERA   HOT WELHS', 5, 2, 'UNIDAD', 6.00, 10.00, 9.00, '2024-04-25', 1),
	(100001181, 'PIRAMIDE BLUEY ', 4, 2, 'UNIDAD', 6.00, 10.00, 9.00, '2024-04-25', 1),
	(100001182, 'IGLU BLUEY ', 5, 2, 'UNIDAD', 6.00, 10.00, 9.00, '2024-04-25', 1),
	(100001183, 'CARAMELERA  BLUEY ', 4, 2, 'UNIDAD', 6.00, 10.00, 9.00, '2024-04-25', 1),
	(100001184, 'PIRAMIDE NARUTO', 4, 2, 'UNIDAD', 6.00, 10.00, 9.00, '2024-04-25', 1),
	(100001185, 'PIRAMIDE FREDDY ', 6, 2, 'UNIDAD', 6.00, 10.00, 9.00, '2024-04-25', 1),
	(100001186, 'IGLU FREDDY ', 5, 2, 'UNIDAD', 6.00, 10.00, 9.00, '2024-04-25', 1),
	(100001187, 'PIRAMIDE ARA&Ntilde;A', 7, 2, 'UNIDAD', 6.00, 10.00, 9.00, '2024-04-25', 1),
	(100001188, 'IGLU  ARA&Ntilde;A', 6, 2, 'UNIDAD', 6.00, 10.00, 9.00, '2024-04-25', 1),
	(100001189, 'CARAMELERA  ARA&Ntilde;A', 4, 2, 'UNIDAD', 6.00, 10.00, 9.00, '2024-04-25', 1),
	(100001190, 'IGLU REY', 1, 2, 'UNIDAD', 6.00, 10.00, 9.00, '2024-04-25', 1),
	(100001191, 'PIRAMIDE MICKEY GOLD', 5, 2, 'UNIDAD', 6.00, 10.00, 9.00, '2024-04-25', 1),
	(100001192, 'CARAMELERA  MICKEY GOLD', 7, 2, 'UNIDAD', 6.00, 10.00, 9.00, '2024-04-25', 1),
	(100001193, 'PIRAMIDE REY', 2, 2, 'UNIDAD', 6.00, 10.00, 9.00, '2024-04-25', 1),
	(100001194, 'PIRAMIDE BEBE FIN', 5, 2, 'UNIDAD', 6.00, 10.00, 9.00, '2024-04-25', 1),
	(100001195, 'CARAMELERA  BEBE FIN', 5, 2, 'UNIDAD', 6.00, 10.00, 9.00, '2024-04-25', 1),
	(100001196, 'PIRAMIDE MICKEY', 9, 2, 'UNIDAD', 6.00, 10.00, 9.00, '2024-04-25', 1),
	(100001200, 'IGLU ROBLOX', 3, 2, 'UNIDAD', 6.00, 10.00, 9.00, '2024-04-25', 1),
	(100001198, 'CARAMELERA  MICKEY', 4, 2, 'UNIDAD', 6.00, 10.00, 9.00, '2024-04-25', 1),
	(100001199, 'IGLU  MICKEY', 8, 2, 'UNIDAD', 6.00, 10.00, 9.00, '2024-04-25', 1),
	(100001201, 'CARAMELERA  ROBLOX', 5, 2, 'UNIDAD', 6.00, 10.00, 9.00, '2024-04-25', 1),
	(100001202, 'PIRAMIDE SPIDY', 10, 2, 'UNIDAD', 6.00, 10.00, 9.00, '2024-04-25', 1),
	(100001203, 'CARAMELERA  SPIDY', 9, 2, 'UNIDAD', 6.00, 10.00, 9.00, '2024-04-25', 1),
	(100001204, 'PIRAMIDE PATROL', 8, 2, 'UNIDAD', 6.00, 10.00, 9.00, '2024-04-25', 1),
	(100001205, 'IGLU  PATROL', 10, 2, 'UNIDAD', 6.00, 10.00, 9.00, '2024-04-25', 1),
	(100001206, 'CARAMELERA PATROL', 13, 2, 'UNIDAD', 6.00, 10.00, 9.00, '2024-04-25', 1),
	(100001207, 'PIRAMIDE SAFARI BEBE', 11, 2, 'UNIDAD', 6.00, 10.00, 9.00, '2024-04-25', 1),
	(100001208, 'IGLU SAFARI BEBE', 18, 2, 'UNIDAD', 6.00, 10.00, 9.00, '2024-04-25', 1),
	(100001209, 'CARAMELERA  SAFARI BEBE', 9, 2, 'UNIDAD', 6.00, 10.00, 9.00, '2024-04-25', 1),
	(100001210, 'PIRAMIDE DINO BEBE', 4, 2, 'UNIDAD', 6.00, 10.00, 9.00, '2024-04-25', 1),
	(100001211, 'IGLU DINO BEBE', 4, 2, 'UNIDAD', 6.00, 10.00, 9.00, '2024-04-25', 1),
	(100001212, 'CARAMELERA DINO BEBE', 5, 2, 'UNIDAD', 6.00, 10.00, 9.00, '2024-04-25', 1),
	(100001213, 'PIRAMIDE ASTRONAUTA', 10, 2, 'UNIDAD', 6.00, 10.00, 9.00, '2024-04-25', 1),
	(100001214, 'CARAMELERA  ASTRONAUTA', 14, 2, 'UNIDAD', 6.00, 10.00, 9.00, '2024-04-25', 1),
	(100001215, 'PIRAMIDE FORNITE', 4, 2, 'UNIDAD', 6.00, 10.00, 9.00, '2024-04-25', 1),
	(100001216, 'IGLU FORNITE', 1, 2, 'UNIDAD', 6.00, 10.00, 9.00, '2024-04-25', 1),
	(100001217, 'CARAMELERA FORNITE', 6, 2, 'UNIDAD', 6.00, 10.00, 9.00, '2024-04-25', 1),
	(100001218, 'PIRAMIDE CARS', 7, 2, 'UNIDAD', 6.00, 10.00, 9.00, '2024-04-25', 1),
	(100001219, 'IGLU  CARS', 4, 2, 'UNIDAD', 6.00, 10.00, 9.00, '2024-04-25', 1),
	(100001220, 'CARAMELERA  CARS', 6, 2, 'UNIDAD', 6.00, 10.00, 9.00, '2024-04-25', 1),
	(100001221, 'PIRAMIDE FREE FIRE', 3, 2, 'UNIDAD', 6.00, 10.00, 9.00, '2024-04-25', 1),
	(100001222, 'IGLU FREE FIRE', 5, 2, 'UNIDAD', 6.00, 10.00, 9.00, '2024-04-25', 1),
	(100001223, 'CARAMELERA  FREE FIRE', 6, 2, 'UNIDAD', 6.00, 10.00, 9.00, '2024-04-25', 1),
	(100001224, 'PIRAMIDE TOY STORY', 3, 2, 'UNIDAD', 6.00, 10.00, 9.00, '2024-04-25', 1),
	(100001225, 'PIRAMIDE AMONGUS', 3, 2, 'UNIDAD', 6.00, 10.00, 9.00, '2024-04-25', 1),
	(100001226, 'IGLU AMONGUS', 3, 2, 'UNIDAD', 6.00, 10.00, 9.00, '2024-04-25', 1),
	(100001227, 'PIRAMIDE MESSI', 12, 2, 'UNIDAD', 6.00, 10.00, 9.00, '2024-04-25', 1),
	(100001228, 'CARAMELERA  MESSI', 13, 2, 'UNIDAD', 6.00, 10.00, 9.00, '2024-04-25', 1),
	(100001229, 'PIRAMIDE FUTBOL NEGRO', 1, 2, 'UNIDAD', 6.00, 10.00, 9.00, '2024-04-25', 1),
	(100001230, 'CARAMELERA FUTBOL NEGRO', 8, 2, 'UNIDAD', 6.00, 10.00, 9.00, '2024-04-25', 1),
	(100001231, 'PIRAMIDE ALIANZA', 2, 2, 'UNIDAD', 6.00, 10.00, 9.00, '2024-04-25', 1),
	(100001232, 'IGLU HUGGY BUGGY', 4, 2, 'UNIDAD', 6.00, 10.00, 9.00, '2024-04-25', 1),
	(100001233, 'CORONA PLATA Y FUCSIA', 35, 2, 'UNIDAD', 4.00, 7.00, 7.00, '2024-04-25', 1),
	(100001234, 'CORONA PLATA TORNASOL', 35, 2, 'UNIDAD', 4.00, 8.00, 8.00, '2024-04-25', 1),
	(100001235, 'CORONA SIMPLE PLATA', 27, 2, 'UNIDAD', 4.00, 6.00, 5.00, '2024-04-25', 1),
	(100001236, 'CORONA  KIARA', 2, 2, 'UNIDAD', 9.00, 14.00, 13.00, '2024-04-25', 1),
	(100001237, 'CORONA TRENZA LUCES', 7, 2, 'UNIDAD', 9.00, 12.00, 12.00, '2024-04-25', 1),
	(100001238, 'ARCO BASICO DAMA', 40, 2, 'UNIDAD', 12.00, 19.00, 18.00, '2024-05-01', 1),
	(100001239, 'ARCO COMPLETO DAMA', 60, 2, 'UNIDAD', 16.00, 26.00, 25.00, '2024-05-01', 1),
	(100001240, 'ARCO COMPLETO VARON ', 50, 2, 'UNIDAD', 16.00, 26.00, 25.00, '2024-05-01', 1),
	(100001241, 'ARCO BASICO  VARON ', 23, 2, 'UNIDAD', 16.00, 26.00, 25.00, '2024-05-01', 1),
	(100001242, 'ARCO  DIA DE LA MADRE ', 8, 2, 'UNIDAD', 16.00, 26.00, 25.00, '2024-05-01', 1),
	(100001243, 'ARCO  ALIANZA LIMA', 5, 2, 'UNIDAD', 16.00, 26.00, 25.00, '2024-05-01', 1),
	(100001244, 'ARCO  UNIVERSITARIO', 7, 2, 'UNIDAD', 16.00, 26.00, 25.00, '2024-05-01', 1),
	(100001245, 'ARCO VACA LOLA', 7, 2, 'UNIDAD', 16.00, 26.00, 25.00, '2024-05-01', 1),
	(100001246, 'ARCO ARA&amp;Ntilde;A', 5, 2, 'UNIDAD', 16.00, 26.00, 25.00, '2024-05-01', 1),
	(100001247, 'ARCO SPIDY', 5, 2, 'UNIDAD', 16.00, 26.00, 25.00, '2024-05-01', 1),
	(100001248, 'ARCO MESSI COMPLETO', 7, 2, 'UNIDAD', 16.00, 26.00, 25.00, '2024-05-01', 1),
	(100001249, 'ARCO DIGITAL CIRCUS COMPLETO', 6, 2, 'UNIDAD', 16.00, 26.00, 25.00, '2024-05-01', 1),
	(100001250, 'ARCO SKIBIDI  COMPLETO', 3, 2, 'UNIDAD', 16.00, 26.00, 25.00, '2024-05-01', 1),
	(100001251, 'ARCO MINI ROSADA COMPLETO', 5, 2, 'UNIDAD', 16.00, 26.00, 25.00, '2024-05-01', 1),
	(100001252, 'ARCO DINO BEBE COMPLETO', 4, 2, 'UNIDAD', 16.00, 26.00, 25.00, '2024-05-01', 1),
	(100001253, 'PITO SIMPLE', 59, 2, 'UNIDAD', 3.00, 5.00, 4.50, '2024-05-01', 1),
	(100001254, 'MATRACA SIMPLE', 57, 2, 'UNIDAD', 3.00, 6.00, 4.50, '2024-05-01', 1),
	(100001255, 'GLOBO PENCIL SIMPLE', 41, 2, 'UNIDAD', 3.00, 10.00, 9.00, '2024-05-01', 1),
	(100001256, 'BOMBARDA CHICA', 99, 2, 'UNIDAD', 2.00, 4.00, 4.00, '2024-05-01', 1),
	(100001257, 'SKAY ARCO COMPLETO', 7, 2, 'UNIDAD', 16.00, 26.00, 25.00, '2024-05-01', 1),
	(100001258, 'ARCO TIK TOK COMPLETO', 2, 2, 'UNIDAD', 16.00, 26.00, 25.00, '2024-05-01', 1),
	(100001259, 'ARCO FROZEN COMPLETO', 3, 2, 'UNIDAD', 16.00, 26.00, 25.00, '2024-05-01', 1),
	(100001260, 'ARCO ROBLOX NI&Ntilde;A  COMPLETO', 3, 2, 'UNIDAD', 16.00, 26.00, 25.00, '2024-05-01', 1),
	(100001261, 'ARCO MERLINA  COMPLETO', 4, 2, 'UNIDAD', 16.00, 26.00, 25.00, '2024-05-01', 1),
	(100001262, 'ARCO MINI BEBE  COMPLETO', 4, 2, 'UNIDAD', 16.00, 26.00, 25.00, '2024-05-01', 1),
	(100001263, 'ARCO MICKEY  BEBE  COMPLETO', 2, 2, 'UNIDAD', 16.00, 26.00, 25.00, '2024-05-01', 1),
	(100001264, 'ARCO FREDDY  COMPLETO', 4, 2, 'UNIDAD', 16.00, 26.00, 25.00, '2024-05-01', 1),
	(100001265, 'ARCO MINE CRAF  COMPLETO', 2, 2, 'UNIDAD', 16.00, 26.00, 25.00, '2024-05-01', 1),
	(100001266, 'ARCO REVELACION', 8, 2, 'UNIDAD', 16.00, 27.00, 27.00, '2024-05-01', 1),
	(100001267, 'ARCO BAUTIZO NI&Ntilde;A', 7, 2, 'UNIDAD', 16.00, 26.00, 25.00, '2024-05-01', 1),
	(100001268, 'ARCO PLIM PLINA', 5, 2, 'UNIDAD', 16.00, 26.00, 26.00, '2024-05-01', 1),
	(100001269, 'ARCO BABY SHOWER NI&Ntilde;A', 6, 2, 'UNIDAD', 16.00, 26.00, 26.00, '2024-05-01', 1),
	(100001270, 'ARCO LADY BOG', 3, 2, 'UNIDAD', 16.00, 26.00, 26.00, '2024-05-01', 1),
	(100001271, 'ARCO ONE PIECE', 3, 2, 'UNIDAD', 16.00, 26.00, 26.00, '2024-05-01', 1),
	(100001272, 'ARCO BLUEY COMPLETO', 6, 2, 'UNIDAD', 16.00, 26.00, 26.00, '2024-05-01', 1),
	(100001273, 'ARCO  JEFE EN PA&Ntilde;ALES COMPLETO', 1, 2, 'UNIDAD', 16.00, 26.00, 26.00, '2024-05-01', 1),
	(100001274, 'ARCO  SIRENA  COMPLETO', 5, 2, 'UNIDAD', 16.00, 26.00, 26.00, '2024-05-01', 1),
	(100001275, 'ARCO  SONIC  COMPLETO', 5, 2, 'UNIDAD', 16.00, 20.00, 20.00, '2024-05-01', 1),
	(100001276, 'ARCO  KUROMI  COMPLETO', 7, 2, 'UNIDAD', 16.00, 25.00, 25.00, '2024-05-01', 1),
	(100001277, 'ARCO  MARIO BROS  COMPLETO', 5, 2, 'UNIDAD', 16.00, 25.00, 25.00, '2024-05-01', 1),
	(100001278, 'ARCO  PATROL COMPLETO', 4, 2, 'UNIDAD', 16.00, 25.00, 25.00, '2024-05-01', 1),
	(100001279, 'ARCO  PRINCESAS COMPLETO', 3, 2, 'UNIDAD', 16.00, 25.00, 25.00, '2024-05-01', 1),
	(100001280, 'ARCO  BARCELONA COMPLETO', 3, 2, 'UNIDAD', 16.00, 25.00, 25.00, '2024-05-01', 1),
	(100001281, 'ARCO  BARBIE COMPLETO', 4, 2, 'UNIDAD', 16.00, 25.00, 25.00, '2024-05-01', 1),
	(100001282, 'ARCO  SONIC NI&Ntilde;A COMPLETO', 1, 2, 'UNIDAD', 16.00, 25.00, 25.00, '2024-05-01', 1),
	(100001283, 'ARCO  BOB ESPONJA COMPLETO', 1, 2, 'UNIDAD', 16.00, 25.00, 25.00, '2024-05-01', 1),
	(100001284, 'ARCO  CASA DE GABY COMPLETO', 3, 2, 'UNIDAD', 16.00, 25.00, 25.00, '2024-05-01', 1),
	(100001317, 'ARCO DINOSAURIO  COMPLETO', 4, 2, 'UNIDAD', 14.00, 25.00, 25.00, '2024-05-01', 1),
	(100001286, 'ARCO CRISTAL COMPLETO', 6, 2, 'UNIDAD', 16.00, 25.00, 25.00, '2024-05-01', 1),
	(100001287, 'ARCO PEACH COMPLETO', 3, 2, 'UNIDAD', 16.00, 25.00, 25.00, '2024-05-01', 1),
	(100001288, 'ARCO RAINBOW FRIENDS COMPLETO', 3, 2, 'UNIDAD', 16.00, 25.00, 25.00, '2024-05-01', 1),
	(100001289, 'ARCO MINI ROJA COMPLETO', 3, 2, 'UNIDAD', 16.00, 25.00, 25.00, '2024-05-01', 1),
	(100001290, 'ARCO FUTBOL NEGRO COMPLETO', 5, 2, 'UNIDAD', 16.00, 25.00, 25.00, '2024-05-01', 1),
	(100001291, 'ARCO FUTBOL VERDE COMPLETO', 3, 2, 'UNIDAD', 16.00, 25.00, 25.00, '2024-05-01', 1),
	(100001292, 'ARCO UNICORNIO COMPLETO', 4, 2, 'UNIDAD', 16.00, 25.00, 25.00, '2024-05-01', 1),
	(100001293, 'ARCO SOLTERA  COMPLETO', 1, 2, 'UNIDAD', 16.00, 27.00, 25.00, '2024-05-01', 1),
	(100001294, 'ARCO CARS  COMPLETO', 5, 2, 'UNIDAD', 16.00, 25.00, 25.00, '2024-05-01', 1),
	(100001295, 'ARCO BOB ESPONJA', 1, 2, 'UNIDAD', 16.00, 25.00, 25.00, '2024-05-01', 1),
	(100001296, 'ARCO MICKEY  COMPLETO', 8, 2, 'UNIDAD', 16.00, 25.00, 25.00, '2024-05-01', 1),
	(100001297, 'ARCO OFERTA 18', 14, 2, 'UNIDAD', 16.00, 18.00, 18.00, '2024-05-01', 1),
	(100001298, 'ARCO POKEMON COMPLETO', 3, 2, 'UNIDAD', 16.00, 25.00, 25.00, '2024-05-01', 1),
	(100001299, 'ARCO GOKU COMPLETO', 3, 2, 'UNIDAD', 16.00, 25.00, 25.00, '2024-05-01', 1),
	(100001300, 'ARCO MOANA  COMPLETO', 2, 2, 'UNIDAD', 16.00, 25.00, 25.00, '2024-05-01', 1),
	(100001301, 'ARCO NEZUKO  COMPLETO', 3, 2, 'UNIDAD', 16.00, 25.00, 25.00, '2024-05-01', 1),
	(100001302, 'ARCO FREE FIRE  COMPLETO', 1, 2, 'UNIDAD', 16.00, 25.00, 25.00, '2024-05-01', 1),
	(100001303, 'ARCO PATROL  COMPLETO', 2, 2, 'UNIDAD', 16.00, 25.00, 25.00, '2024-05-01', 1),
	(100001304, 'ARCO OFERTA 20 SOLES', 90, 2, 'UNIDAD', 16.00, 20.00, 20.00, '2024-05-01', 1),
	(100001305, 'ARCO ZENON COMPLETO', 2, 2, 'UNIDAD', 16.00, 25.00, 25.00, '2024-05-01', 1),
	(100001306, 'ARCO ZOMBIES COMPLETO', 4, 2, 'UNIDAD', 16.00, 25.00, 25.00, '2024-05-01', 1),
	(100001307, 'ARCO BLAC PINK COMPLETO', 1, 2, 'UNIDAD', 16.00, 25.00, 25.00, '2024-05-01', 1),
	(100001308, 'ARCO ROBLOX  COMPLETO', 0, 2, 'UNIDAD', 16.00, 25.00, 25.00, '2024-05-01', 1),
	(100001309, 'ARCO POCOYO  COMPLETO', 2, 2, 'UNIDAD', 16.00, 25.00, 25.00, '2024-05-01', 1),
	(100001310, 'ARCO TRANSFORMES  COMPLETO', 2, 2, 'UNIDAD', 16.00, 25.00, 25.00, '2024-05-01', 1),
	(100001311, 'ARCO MERRIE  COMPLETO', 3, 2, 'UNIDAD', 16.00, 25.00, 25.00, '2024-05-01', 1),
	(100001312, 'ARCO PONY  COMPLETO', 1, 2, 'UNIDAD', 16.00, 25.00, 25.00, '2024-05-01', 1),
	(100001313, 'ARCO BABY SHARK  COMPLETO', 4, 2, 'UNIDAD', 16.00, 25.00, 25.00, '2024-05-01', 1),
	(100001314, 'ARCO PEPPA  COMPLETO', 4, 2, 'UNIDAD', 16.00, 25.00, 25.00, '2024-05-01', 1),
	(100001315, 'ARCO OFERTA 15', 16, 2, 'UNIDAD', 14.00, 15.00, 15.00, '2024-05-01', 1),
	(100001316, 'ARCO KITY COMPLETO', 3, 2, 'UNIDAD', 14.00, 25.00, 25.00, '2024-05-01', 1),
	(100001318, 'ARCO SIRENA COLA  COMPLETO', 4, 2, 'UNIDAD', 14.00, 25.00, 25.00, '2024-05-01', 1),
	(100001319, 'ARCO ZENONA  COMPLETO', 3, 2, 'UNIDAD', 14.00, 25.00, 25.00, '2024-05-01', 1),
	(100001320, 'ARCO MICKEY BEBE  COMPLETO', 2, 2, 'UNIDAD', 14.00, 25.00, 25.00, '2024-05-01', 1),
	(100001321, 'ARCO BEBE FIN COMPLETO', 5, 2, 'UNIDAD', 14.00, 25.00, 25.00, '2024-05-01', 1),
	(100001322, 'ARCO MASHA  COMPLETO', 3, 2, 'UNIDAD', 14.00, 25.00, 25.00, '2024-05-01', 1),
	(100001323, 'ARCO BLANCA NIEVES COMPLETO', 1, 2, 'UNIDAD', 14.00, 25.00, 25.00, '2024-05-01', 1),
	(100001324, 'ARCO SAFARI COMPLETO', 2, 2, 'UNIDAD', 14.00, 25.00, 25.00, '2024-05-01', 1),
	(100001325, 'ARCO CINAMORROL  COMPLETO', 2, 2, 'UNIDAD', 14.00, 25.00, 25.00, '2024-05-01', 1),
	(100001326, 'ARCO CONFIRMACION CELESTE', 1, 2, 'UNIDAD', 14.00, 25.00, 25.00, '2024-05-01', 1),
	(100001327, 'ARCO PRIMERA COMUNION CELESTE', 1, 2, 'UNIDAD', 14.00, 25.00, 25.00, '2024-05-01', 1),
	(100001328, 'ARCO SOFIA COMPLETO', 1, 2, 'UNIDAD', 14.00, 25.00, 25.00, '2024-05-01', 1),
	(100001329, 'ARCO FELIZ ANIVERSARIO', 1, 2, 'UNIDAD', 14.00, 25.00, 25.00, '2024-05-01', 1),
	(100001330, 'ARCO 15 A&Ntilde;OS', 2, 2, 'UNIDAD', 14.00, 25.00, 25.00, '2024-05-01', 1),
	(100001331, 'ARCO NEON ', 1, 2, 'UNIDAD', 14.00, 25.00, 25.00, '2024-05-01', 1),
	(100001332, 'ARCO AMONGUS ', 1, 2, 'UNIDAD', 14.00, 25.00, 25.00, '2024-05-01', 1),
	(100001333, 'FELIZ CUMPLEA&Ntilde;OS FUCCIA CORRIDO', 10, 2, 'UNIDAD', 4.00, 6.00, 6.00, '2024-05-01', 1),
	(100001334, 'BIENVENIDO LETRA GLOBO', 4, 2, 'UNIDAD', 6.00, 10.00, 10.00, '2024-05-01', 1),
	(100001335, 'ARCO PLIM PLIM', 2, 2, 'UNIDAD', 14.00, 25.00, 25.00, '2024-05-01', 1),
	(100001336, 'POCORERA MELODY', 10, 2, 'UNIDAD', 3.00, 5.00, 5.00, '2024-05-01', 1),
	(100001337, 'CORTINA CORAZON ROJO', 30, 2, 'UNIDAD', 2.00, 5.00, 5.00, '2024-05-02', 1),
	(100001339, 'BANDERIN PONY', 2, 2, 'UNIDAD', 4.00, 8.00, 7.00, '2024-05-02', 1),
	(100001340, 'BANDERIN MINI BEBE', 1, 2, 'UNIDAD', 4.00, 8.00, 7.00, '2024-05-02', 1),
	(100001341, 'BANDERIN CASA GABY', 2, 2, 'UNIDAD', 4.00, 8.00, 7.00, '2024-05-02', 1),
	(100001342, 'BANDERIN MERLINA', 1, 2, 'UNIDAD', 4.00, 8.00, 7.00, '2024-05-02', 1),
	(100001343, 'BANDERIN PEACH', 3, 2, 'UNIDAD', 4.00, 8.00, 7.00, '2024-05-02', 1),
	(100001344, 'BANDERIN MINE CRAF', 1, 2, 'UNIDAD', 4.00, 8.00, 7.00, '2024-05-02', 1),
	(100001345, 'BANDERIN GOKU', 1, 2, 'UNIDAD', 4.00, 8.00, 7.00, '2024-05-02', 1),
	(100001346, 'BANDERIN ZENON', 1, 2, 'UNIDAD', 4.00, 8.00, 7.00, '2024-05-02', 1),
	(100001347, 'BANDERIN POCOYO', 1, 2, 'UNIDAD', 4.00, 8.00, 7.00, '2024-05-02', 1),
	(100001348, 'BANDERIN SONIC', 1, 2, 'UNIDAD', 4.00, 8.00, 7.00, '2024-05-02', 1),
	(100001349, 'BANDERIN ZOMBIES', 3, 2, 'UNIDAD', 4.00, 8.00, 7.00, '2024-05-02', 1),
	(100001350, 'BANDERIN SFAFARI BEBE', 4, 2, 'UNIDAD', 4.00, 8.00, 7.00, '2024-05-02', 1),
	(100001351, 'BANDERIN CAPITAN AMERICA', 2, 2, 'UNIDAD', 4.00, 8.00, 7.00, '2024-05-02', 1),
	(100001352, 'BANDERIN NEZUKO', 1, 2, 'UNIDAD', 4.00, 8.00, 7.00, '2024-05-02', 1),
	(100001353, 'BANDERIN DINOSAURIO', 1, 2, 'UNIDAD', 4.00, 8.00, 7.00, '2024-05-02', 1),
	(100001354, 'BANDERIN ONE PIECE', 1, 2, 'UNIDAD', 4.00, 8.00, 7.00, '2024-05-02', 1),
	(100001355, 'BANDERIN MICKEY', 1, 2, 'UNIDAD', 4.00, 8.00, 7.00, '2024-05-02', 1),
	(100001356, 'BANDERIN MASHA', 2, 2, 'UNIDAD', 4.00, 8.00, 7.00, '2024-05-02', 1),
	(100001357, 'BANDERIN ARA&Ntilde;A', 1, 2, 'UNIDAD', 4.00, 8.00, 7.00, '2024-05-02', 1),
	(100001358, 'BANDERIN HUGGY BUGGY', 1, 2, 'UNIDAD', 4.00, 8.00, 7.00, '2024-05-02', 1),
	(100001359, 'BANDERIN DIGITAL CIRCUS', 4, 2, 'UNIDAD', 4.00, 8.00, 7.00, '2024-05-02', 1),
	(100001360, 'BANDERIN BEBE DINOSAURIO', 1, 2, 'UNIDAD', 4.00, 8.00, 7.00, '2024-05-02', 1),
	(100001361, 'BANDERIN SKAY', 1, 2, 'UNIDAD', 4.00, 8.00, 7.00, '2024-05-02', 1),
	(100001362, 'BANDERIN KUROMI', 3, 2, 'UNIDAD', 4.00, 8.00, 7.00, '2024-05-02', 1),
	(100001363, 'BANDERIN ZENONA', 1, 2, 'UNIDAD', 4.00, 8.00, 7.00, '2024-05-02', 1),
	(100001364, 'BANDERIN PLIM PLINA', 2, 2, 'UNIDAD', 4.00, 8.00, 7.00, '2024-05-02', 1),
	(100001365, 'SPRAY NIEVE', 96, 2, 'UNIDAD', 4.00, 3.50, 3.50, '2024-05-02', 1),
	(100001366, 'INFLAGLOBO SIMPLE', 120, 2, 'UNIDAD', 4.00, 5.00, 5.00, '2024-05-02', 1),
	(100001367, 'INFLAGLOBO MANUAL', 50, 2, 'UNIDAD', 4.00, 6.00, 6.00, '2024-05-02', 1),
	(100001368, 'CORTINA VERDE LISA', 30, 2, 'UNIDAD', 4.00, 3.50, 3.50, '2024-05-02', 1),
	(100001369, 'BANDERIN POKEMON', 1, 2, 'UNIDAD', 4.00, 8.00, 7.00, '2024-05-02', 1),
	(100001370, 'BANDERIN MINI ROSADA', 1, 2, 'UNIDAD', 4.00, 8.00, 7.00, '2024-05-02', 1),
	(100001371, 'BANDERIN PEPPA ', 2, 2, 'UNIDAD', 4.00, 8.00, 7.00, '2024-05-02', 1),
	(100001372, 'BANDERIN CINAMORROL', 2, 2, 'UNIDAD', 4.00, 8.00, 7.00, '2024-05-02', 1),
	(100001373, 'BANDERIN MINI ROJA', 2, 2, 'UNIDAD', 4.00, 8.00, 7.00, '2024-05-02', 1),
	(100001374, 'BANDERIN PLIM PLIM', 2, 2, 'UNIDAD', 4.00, 8.00, 7.00, '2024-05-02', 1),
	(100001375, 'BANDERIN RAPUNZEL', 1, 2, 'UNIDAD', 4.00, 8.00, 7.00, '2024-05-02', 1),
	(100001376, 'BANDERIN PRINCESAS', 1, 2, 'UNIDAD', 4.00, 8.00, 7.00, '2024-05-02', 1),
	(100001377, 'BANDERIN  BLUEY', 2, 2, 'UNIDAD', 4.00, 8.00, 7.00, '2024-05-02', 1),
	(100001378, 'BANDERIN FROZEN', 0, 2, 'UNIDAD', 4.00, 8.00, 7.00, '2024-05-02', 1),
	(100001379, 'BANDERIN VACA LOLA', 1, 2, 'UNIDAD', 4.00, 8.00, 7.00, '2024-05-02', 1),
	(100001380, 'BANDERIN SOFIA', 1, 2, 'UNIDAD', 4.00, 8.00, 7.00, '2024-05-02', 1),
	(100001381, 'BANDERIN MOANA', 1, 2, 'UNIDAD', 4.00, 8.00, 7.00, '2024-05-02', 1),
	(100001382, 'BANDERIN UNICORNIO', 2, 2, 'UNIDAD', 4.00, 8.00, 7.00, '2024-05-02', 1),
	(100001383, 'BANDERIN RAINBON', 1, 2, 'UNIDAD', 4.00, 8.00, 7.00, '2024-05-02', 1),
	(100001384, 'BANDERIN SKIBIDI', 2, 2, 'UNIDAD', 4.00, 8.00, 7.00, '2024-05-02', 1),
	(100001385, 'BANDERIN ROBLOX', 1, 2, 'UNIDAD', 4.00, 8.00, 7.00, '2024-05-02', 1),
	(100001386, 'BANDERIN CARS', 1, 2, 'UNIDAD', 4.00, 8.00, 7.00, '2024-05-02', 1),
	(100001387, 'BANDERIN PATROL', 1, 2, 'UNIDAD', 4.00, 8.00, 7.00, '2024-05-02', 1),
	(100001388, 'BANDERIN KITY', 2, 2, 'UNIDAD', 4.00, 8.00, 7.00, '2024-05-02', 1),
	(100001389, 'BANDERIN COLA SIRENA', 3, 2, 'UNIDAD', 4.00, 8.00, 7.00, '2024-05-02', 1),
	(100001390, 'BANDERIN SONIC NI&Ntilde;A', 1, 2, 'UNIDAD', 4.00, 8.00, 7.00, '2024-05-02', 1),
	(100001391, 'BANDERIN BARBIE', 5, 2, 'UNIDAD', 4.00, 8.00, 7.00, '2024-05-02', 1),
	(100001392, 'BANDERIN DINO BEBE', 1, 2, 'UNIDAD', 4.00, 8.00, 7.00, '2024-05-02', 1),
	(100001393, 'SORPRESA MELODY', 10, 2, 'UNIDAD', 6.00, 10.00, 10.00, '2024-05-02', 1),
	(100001394, 'SORPRESA ONE PIECE', 9, 2, 'UNIDAD', 6.00, 10.00, 10.00, '2024-05-02', 1),
	(100001395, 'SORPRESA SPIDY', 10, 2, 'UNIDAD', 6.00, 10.00, 10.00, '2024-05-02', 1),
	(100001396, 'SORPRESA FUTBOL VERDE', 10, 2, 'UNIDAD', 6.00, 10.00, 10.00, '2024-05-02', 1),
	(100001397, 'ARCO BAUTIZO DORADO', 1, 2, 'UNIDAD', 17.00, 25.00, 25.00, '2024-05-02', 1),
	(100001398, 'ARCO BABY SHOWER NI&Ntilde;O COMPLETO', 2, 2, 'UNIDAD', 17.00, 27.00, 27.00, '2024-05-02', 1),
	(100001399, 'ARCO BABY SHOWER NI&Ntilde;O BASICO', 2, 2, 'UNIDAD', 17.00, 25.00, 25.00, '2024-05-02', 1),
	(100001400, 'INVITACION FREDDY', 10, 2, 'UNIDAD', 3.00, 5.00, 5.00, '2024-05-02', 1),
	(100001401, 'INVITACION ONE PIECE', 10, 2, 'UNIDAD', 3.00, 5.00, 5.00, '2024-05-02', 1),
	(100001402, 'BOLSA DULCERA CIRCUS DIGITAL', 14, 2, 'UNIDAD', 2.00, 3.50, 3.00, '2024-05-02', 1),
	(100001403, 'BOLSA DULCERA FREDDY', 15, 2, 'UNIDAD', 2.00, 3.50, 3.00, '2024-05-02', 1),
	(100001404, 'CAJA TORTA SPIDY', 14, 2, 'UNIDAD', 2.00, 4.00, 3.50, '2024-05-02', 1),
	(100001405, 'POCORERA ONE PIECE', 6, 2, 'UNIDAD', 3.00, 5.00, 5.00, '2024-05-02', 1),
	(100001406, ' GLOBO  7  ROJO', 11, 2, 'UNIDAD', 6.00, 10.00, 10.00, '2024-05-02', 1),
	(100001407, 'GLOBO  7 ROSADO', 6, 2, 'UNIDAD', 6.00, 10.00, 10.00, '2024-05-02', 1),
	(100001408, ' GLOBO 7  AZUL', 10, 2, 'UNIDAD', 6.00, 10.00, 10.00, '2024-05-02', 1),
	(100001409, 'GLOBO 7 CHICLE', 3, 2, 'UNIDAD', 6.00, 10.00, 10.00, '2024-05-02', 1),
	(100001410, 'GLOBO 7 BLANCO', 13, 2, 'UNIDAD', 6.00, 10.00, 10.00, '2024-05-02', 1),
	(100001411, 'GLOBO 7 FIESTA BLANCO', 6, 2, 'UNIDAD', 7.00, 12.00, 12.00, '2024-05-02', 1),
	(100001412, 'GLOBO 7 FIESTA ROJO', 5, 2, 'UNIDAD', 7.00, 12.00, 12.00, '2024-05-02', 1),
	(100001413, 'GLOBO 12 CORAZON ROJO', 6, 2, 'UNIDAD', 18.00, 25.00, 25.00, '2024-05-02', 1),
	(100001414, 'HAPPY GLOBO CORRIDO ARCOIRIS', 4, 2, 'UNIDAD', 4.00, 6.00, 6.00, '2024-05-02', 1),
	(100001415, 'PENCIL NEON', 10, 2, 'UNIDAD', 12.00, 20.00, 20.00, '2024-05-02', 1),
	(100001416, 'PENCIL SURTIDO PASTEL', 10, 2, 'UNIDAD', 12.00, 18.00, 18.00, '2024-05-02', 1),
	(100001417, 'PENCIL CROMADO PLATA', 2, 2, 'UNIDAD', 12.00, 18.00, 18.00, '2024-05-02', 1),
	(100001418, 'PENCIL CROMADO DORADO', 2, 2, 'UNIDAD', 12.00, 18.00, 18.00, '2024-05-02', 1),
	(100001419, 'PENCIL VERDE LIMON', 2, 2, 'UNIDAD', 12.00, 15.00, 15.00, '2024-05-02', 1),
	(100001420, 'PENCIL VERDE ', 3, 2, 'UNIDAD', 12.00, 15.00, 15.00, '2024-05-02', 1),
	(100001421, 'PENCIL ROJO', 6, 2, 'UNIDAD', 10.00, 15.00, 15.00, '2024-05-02', 1),
	(100001422, 'PENCIL ROSA CHICLE', 3, 2, 'UNIDAD', 10.00, 15.00, 15.00, '2024-05-02', 1),
	(100001423, 'PENCIL NEGRO', 2, 2, 'UNIDAD', 10.00, 15.00, 15.00, '2024-05-02', 1),
	(100001424, 'PENCIL BLANCO', 2, 2, 'UNIDAD', 10.00, 15.00, 15.00, '2024-05-02', 1),
	(100001425, 'PENCIL ROSADO', 2, 2, 'UNIDAD', 10.00, 15.00, 15.00, '2024-05-02', 1),
	(100001426, 'GLOBO RETRO FUCCIA', 11, 2, 'UNIDAD', 10.00, 18.00, 18.00, '2024-05-02', 1),
	(100001427, 'VARA LED ESPONJA', 26, 2, 'UNIDAD', 3.00, 5.00, 4.00, '2024-05-02', 1),
	(100001428, 'VINCHA BRILLO X12', 30, 2, 'UNIDAD', 9.00, 16.00, 15.00, '2024-05-02', 1),
	(100001429, 'VINCHA YOLA X 12', 12, 2, 'UNIDAD', 9.00, 15.00, 14.00, '2024-05-02', 1),
	(100001430, 'VINCHA CORAZON  5 soles', 36, 2, 'UNIDAD', 9.00, 5.00, 5.00, '2024-05-02', 1),
	(100001431, 'VINCHA MINI MICKEY BRILLO', 32, 2, 'UNIDAD', 4.00, 6.00, 6.00, '2024-05-02', 1),
	(100001432, 'GLOBO CARNAVAL', 45, 2, 'UNIDAD', 1.50, 2.50, 2.50, '2024-05-02', 1),
	(100001433, 'CUCHARITA PASTEL X50', 50, 2, 'UNIDAD', 2.00, 3.50, 3.00, '2024-05-02', 1),
	(100001434, 'CUCHARITA color  X50', 50, 2, 'UNIDAD', 2.00, 3.50, 3.00, '2024-05-02', 1),
	(100001435, 'GLOBO CROMADO DORADO 12', 15, 2, 'UNIDAD', 12.00, 18.00, 18.00, '2024-05-02', 1),
	(100001436, 'MISTURA DE TECNOPOR', 49, 2, 'UNIDAD', 0.80, 1.20, 1.20, '2024-05-02', 1),
	(100001437, 'CONO FELIZ CUMPLE', 30, 2, 'UNIDAD', 0.80, 3.00, 2.50, '2024-05-02', 1),
	(100001438, 'PESETA HELIO', 50, 2, 'UNIDAD', 2.00, 3.50, 3.50, '2024-05-02', 1),
	(100001439, 'CONO UNIVERSITARIO', 11, 2, 'UNIDAD', 3.00, 5.00, 5.00, '2024-05-02', 1),
	(100001440, 'CONO ALIANZA', 11, 2, 'UNIDAD', 3.00, 5.00, 5.00, '2024-05-02', 1),
	(100001441, 'CONO CRISTAL', 12, 2, 'UNIDAD', 3.00, 5.00, 5.00, '2024-05-02', 1),
	(100001442, 'BANDEJA x25 TORTA  5 soles', 20, 2, 'UNIDAD', 3.00, 6.00, 5.00, '2024-05-02', 1),
	(100001443, 'BANDEJA x25 TORTA  7 soles', 10, 2, 'UNIDAD', 3.00, 7.00, 7.00, '2024-05-02', 1),
	(100001444, 'PLATO  x25 TORTA  5 soles', 10, 2, 'UNIDAD', 3.00, 5.00, 5.00, '2024-05-02', 1),
	(100001445, 'PLATO  x25 PARRILLERO   22  soles', 20, 2, 'UNIDAD', 3.00, 22.00, 22.00, '2024-05-02', 1),
	(100001446, 'PARANTES ACRILICO', 50, 2, 'UNIDAD', 4.00, 8.00, 8.00, '2024-05-02', 1);
/*!40000 ALTER TABLE `productos` ENABLE KEYS */;

-- Volcando estructura para tabla gmedic.tipo_comprobante
CREATE TABLE IF NOT EXISTS `tipo_comprobante` (
  `IdComprobante` int NOT NULL AUTO_INCREMENT,
  `Descripcion` varchar(16) DEFAULT NULL,
  `IdEstado` int DEFAULT NULL,
  `EsFacturador` int DEFAULT NULL,
  `Codigo` varchar(2) DEFAULT NULL,
  PRIMARY KEY (`IdComprobante`)
) ENGINE=MyISAM AUTO_INCREMENT=7 DEFAULT CHARSET=utf8mb3;

-- Volcando datos para la tabla gmedic.tipo_comprobante: 6 rows
/*!40000 ALTER TABLE `tipo_comprobante` DISABLE KEYS */;
INSERT INTO `tipo_comprobante` (`IdComprobante`, `Descripcion`, `IdEstado`, `EsFacturador`, `Codigo`) VALUES
	(1, 'BOLETA', 1, 1, '03'),
	(2, 'FACTURA', 1, 1, '01'),
	(3, 'TICKET', 1, NULL, '00'),
	(4, 'N.CREDITO', 1, 1, '07'),
	(5, 'N.DEBITO', 1, 1, '08'),
	(6, 'N. VENTA', 1, 0, '99');
/*!40000 ALTER TABLE `tipo_comprobante` ENABLE KEYS */;

-- Volcando estructura para tabla gmedic.tipo_pago
CREATE TABLE IF NOT EXISTS `tipo_pago` (
  `id_tipo_pago` int NOT NULL AUTO_INCREMENT,
  `descripcion` varchar(100) DEFAULT NULL,
  PRIMARY KEY (`id_tipo_pago`)
) ENGINE=MyISAM AUTO_INCREMENT=4 DEFAULT CHARSET=utf8mb3;

-- Volcando datos para la tabla gmedic.tipo_pago: 3 rows
/*!40000 ALTER TABLE `tipo_pago` DISABLE KEYS */;
INSERT INTO `tipo_pago` (`id_tipo_pago`, `descripcion`) VALUES
	(1, 'EFECTIVO'),
	(2, 'YAPE'),
	(3, 'PLIN');
/*!40000 ALTER TABLE `tipo_pago` ENABLE KEYS */;

-- Volcando estructura para tabla gmedic.usuario
CREATE TABLE IF NOT EXISTS `usuario` (
  `id_usuario` int NOT NULL AUTO_INCREMENT,
  `id_tipo_usuario` int NOT NULL,
  `u_username` varchar(100) CHARACTER SET utf8mb3 COLLATE utf8mb3_spanish2_ci NOT NULL,
  `u_password` varchar(100) CHARACTER SET utf8mb3 COLLATE utf8mb3_spanish2_ci NOT NULL,
  `id_estado` int NOT NULL,
  `id_personal` int DEFAULT NULL,
  `firma` varchar(100) NOT NULL,
  PRIMARY KEY (`id_usuario`)
) ENGINE=MyISAM AUTO_INCREMENT=18 DEFAULT CHARSET=utf8mb3;

-- Volcando datos para la tabla gmedic.usuario: 2 rows
/*!40000 ALTER TABLE `usuario` DISABLE KEYS */;
INSERT INTO `usuario` (`id_usuario`, `id_tipo_usuario`, `u_username`, `u_password`, `id_estado`, `id_personal`, `firma`) VALUES
	(13, 1, 'administrador', '2c8db5f14aeae5cd5fbc9ff58a51cb93', 1, NULL, ''),
	(15, 2, 'Ventas', '1b3231655cebb7a1f783eddf27d254ca', 1, NULL, '');
/*!40000 ALTER TABLE `usuario` ENABLE KEYS */;

-- Volcando estructura para tabla gmedic.usuario_tipo
CREATE TABLE IF NOT EXISTS `usuario_tipo` (
  `id_tipo_usuario` int NOT NULL AUTO_INCREMENT,
  `tpu_descripcion` varchar(25) CHARACTER SET utf8mb3 COLLATE utf8mb3_spanish2_ci NOT NULL,
  `id_modulo_opcion` int NOT NULL,
  PRIMARY KEY (`id_tipo_usuario`)
) ENGINE=MyISAM AUTO_INCREMENT=35 DEFAULT CHARSET=utf8mb3;

-- Volcando datos para la tabla gmedic.usuario_tipo: 2 rows
/*!40000 ALTER TABLE `usuario_tipo` DISABLE KEYS */;
INSERT INTO `usuario_tipo` (`id_tipo_usuario`, `tpu_descripcion`, `id_modulo_opcion`) VALUES
	(1, 'ADMINISTRADOR DE LOCAL', 0),
	(2, 'VENDEDOR', 0);
/*!40000 ALTER TABLE `usuario_tipo` ENABLE KEYS */;

-- Volcando estructura para tabla gmedic.usuario_tipo_modulos
CREATE TABLE IF NOT EXISTS `usuario_tipo_modulos` (
  `id_usuario_tipo_modulos` int NOT NULL AUTO_INCREMENT,
  `id_tipo_usuario` int NOT NULL,
  `id_modulo` int NOT NULL,
  `id_modulo_opcion` int DEFAULT NULL,
  PRIMARY KEY (`id_usuario_tipo_modulos`)
) ENGINE=MyISAM AUTO_INCREMENT=8 DEFAULT CHARSET=utf8mb3;

-- Volcando datos para la tabla gmedic.usuario_tipo_modulos: 7 rows
/*!40000 ALTER TABLE `usuario_tipo_modulos` DISABLE KEYS */;
INSERT INTO `usuario_tipo_modulos` (`id_usuario_tipo_modulos`, `id_tipo_usuario`, `id_modulo`, `id_modulo_opcion`) VALUES
	(1, 1, 1, 1),
	(2, 1, 4, 2),
	(3, 2, 3, 3),
	(4, 1, 3, 4),
	(5, 1, 3, 3),
	(6, 1, 3, 5),
	(7, 1, 6, 6);
/*!40000 ALTER TABLE `usuario_tipo_modulos` ENABLE KEYS */;

/*!40103 SET TIME_ZONE=IFNULL(@OLD_TIME_ZONE, 'system') */;
/*!40101 SET SQL_MODE=IFNULL(@OLD_SQL_MODE, '') */;
/*!40014 SET FOREIGN_KEY_CHECKS=IFNULL(@OLD_FOREIGN_KEY_CHECKS, 1) */;
/*!40101 SET CHARACTER_SET_CLIENT=@OLD_CHARACTER_SET_CLIENT */;
/*!40111 SET SQL_NOTES=IFNULL(@OLD_SQL_NOTES, 1) */;
